year,constituency,constituency_type,n_member,candidate,party,party_name,votes,votes_perc,rank,result
1955,Bukit Panjang,SMC,1,Goh Tong Liang,PP,Progressive Party,3097,72.21,1,won
1955,Bukit Panjang,SMC,1,Lim Wee Toh,SLF,Singapore Labour Front,1192,27.79,2,lost
1955,Bukit Timah,SMC,1,Lim Ching Siong,PAP,People's Action Party,3259,52.45,1,won
1955,Bukit Timah,SMC,1,Tan Wah Meng,DP,Democratic Party,1308,21.05,2,lost
1955,Bukit Timah,SMC,1,A. N. Mitra,SLF,Singapore Labour Front,924,14.87,3,lost
1955,Bukit Timah,SMC,1,S. F. Ho,PP,Progressive Party,722,11.62,4,lost_deposit
1955,Cairnhill,SMC,1,David Marshall,SLF,Singapore Labour Front,3305,47.58,1,won
1955,Cairnhill,SMC,1,C. C. Tan,PP,Progressive Party,2530,36.42,2,lost
1955,Cairnhill,SMC,1,Tan Khiang Khoo,DP,Democratic Party,1111,15.99,3,lost
1955,Changi,SMC,1,C. K. Lim,DP,Democratic Party,2624,45.08,1,won
1955,Changi,SMC,1,S. G. Mohamed Ghows,PP,Progressive Party,1699,29.19,2,lost
1955,Changi,SMC,1,Wong Sau Sheung,SLF,Singapore Labour Front,1498,25.73,3,lost
1955,Farrer Park,SMC,1,A. R. Lazarous,SLF,Singapore Labour Front,2585,38.52,1,won
1955,Farrer Park,SMC,1,Devan Nair,PAP,People's Action Party,2219,33.07,2,lost
1955,Farrer Park,SMC,1,Eric S. B. Wee,PP,Progressive Party,1784,26.59,3,lost
1955,Farrer Park,SMC,1,C. T. B. Unnithan,Independent,,85,1.27,4,lost_deposit
1955,Farrer Park,SMC,1,Chua Kim Watt,Independent,,37,0.55,5,lost_deposit
1955,Geylang,SMC,1,Mak Pak Shee,SLF,Singapore Labour Front,2756,41.18,1,won
1955,Geylang,SMC,1,Goh Hood Kiat,Independent,,1386,20.71,2,lost
1955,Geylang,SMC,1,Lee Yong Min,LP,Labour Party,1325,19.8,3,lost
1955,Geylang,SMC,1,Lam Joon Chong,DP,Democratic Party,1226,18.32,4,lost
1955,Havelock,SMC,1,Lim Yew Hock,SLF,Singapore Labour Front,5744,86.48,1,won
1955,Havelock,SMC,1,C. S. Soh,Independent,,525,7.9,2,lost_deposit
1955,Havelock,SMC,1,Chua Bock Kwee,PP,Progressive Party,373,5.62,3,lost_deposit
1955,Kampong Kapor,SMC,1,Seah Peng Chuan,SLF,Singapore Labour Front,3253,45.6,1,won
1955,Kampong Kapor,SMC,1,Dasaratha Raj,Independent,,2155,30.21,2,lost
1955,Kampong Kapor,SMC,1,Wong Shian Yein,DP,Democratic Party,1283,17.98,3,lost
1955,Kampong Kapor,SMC,1,Lim Kian Lee,PP,Progressive Party,443,6.21,4,lost_deposit
1955,Katong,SMC,1,A. J. Braga,SLF,Singapore Labour Front,4680,45.66,1,won
1955,Katong,SMC,1,John Laycock,PP,Progressive Party,2965,28.93,2,lost
1955,Katong,SMC,1,Chan Wah Chip,DP,Democratic Party,2605,25.41,3,lost
1955,Pasir Panjang,SMC,1,Wong Foo Nam,SA,Singapore Alliance,3546,45.17,1,won
1955,Pasir Panjang,SMC,1,K. M. S. Hamid,PP,Progressive Party,2370,30.19,2,lost
1955,Pasir Panjang,SMC,1,P. V. Krishnan,SLF,Singapore Labour Front,1306,16.63,3,lost
1955,Pasir Panjang,SMC,1,Leong Foon Chew,DP,Democratic Party,629,8.01,4,lost_deposit
1955,Paya Lebar,SMC,1,Lim Koon Teck,PP,Progressive Party,3330,52.07,1,won
1955,Paya Lebar,SMC,1,Tan Eng Joo,DP,Democratic Party,3065,47.93,2,lost
1955,Punggol-Tampines,SMC,1,Goh Chew Chua,PAP,People's Action Party,2127,55.38,1,won
1955,Punggol-Tampines,SMC,1,Anthony Goh,DP,Democratic Party,918,23.9,2,lost
1955,Punggol-Tampines,SMC,1,H. A. De Silva,PP,Progressive Party,796,20.72,3,lost
1955,Queenstown,SMC,1,Lee Choon Eng,SLF,Singapore Labour Front,2792,67.28,1,won
1955,Queenstown,SMC,1,Murray Brash,DP,Democratic Party,736,17.73,2,lost
1955,Queenstown,SMC,1,Elizabeth Choy,PP,Progressive Party,622,14.99,3,lost
1955,Rochore,SMC,1,Tan Theng Chiang,SLF,Singapore Labour Front,2929,46.25,1,won
1955,Rochore,SMC,1,Ong Eng Lian,DP,Democratic Party,1897,29.95,2,lost
1955,Rochore,SMC,1,Soh Ghee Soon,PP,Progressive Party,1507,23.8,3,lost
1955,Seletar,SMC,1,M. P. D. Nair,Independent,,1771,31.83,1,won
1955,Seletar,SMC,1,Lek Poh Song,Independent,,1632,29.33,2,lost
1955,Seletar,SMC,1,Tan Leong Teck,DP,Democratic Party,1252,22.5,3,lost
1955,Seletar,SMC,1,P. G. Khew,SLF,Singapore Labour Front,909,16.34,4,lost
1955,Sembawang,SMC,1,Ahmad Ibrahim,Independent,,4281,63.24,1,won
1955,Sembawang,SMC,1,Lee Kim Kee,PP,Progressive Party,2488,36.76,2,lost
1955,Serangoon,SMC,1,Lim Choon Mong,PP,Progressive Party,2172,45.83,1,won
1955,Serangoon,SMC,1,Lim Chye Seng,DP,Democratic Party,1412,29.8,2,lost
1955,Serangoon,SMC,1,Lim Siew Ek,SA,Singapore Alliance,1155,24.37,3,lost
1955,Southern Islands,SMC,1,Mohamed Sidik bin H. A. Hamid,SA,Singapore Alliance,1233,50.57,1,won
1955,Southern Islands,SMC,1,"Kulasingha, H. J. C.",PP,Progressive Party,1205,49.43,2,lost
1955,Stamford,SMC,1,J. M. Jumabhoy,SLF,Singapore Labour Front,2691,43.08,1,won
1955,Stamford,SMC,1,Simon,Independent,,1281,20.51,2,lost
1955,Stamford,SMC,1,Nazir Mallal,PP,Progressive Party,1153,18.46,3,lost
1955,Stamford,SMC,1,Ng Sen Choy,DP,Democratic Party,1121,17.95,4,lost
1955,Tanglin,SMC,1,John Ede,PP,Progressive Party,3214,45.67,1,won
1955,Tanglin,SMC,1,Lim Yong Bock,DP,Democratic Party,2501,35.54,2,lost
1955,Tanglin,SMC,1,Lim Seow Chuan,SLF,Singapore Labour Front,1322,18.79,3,lost
1955,Tanjong Pagar,SMC,1,Lee Kuan Yew,PAP,People's Action Party,6029,78.33,1,won
1955,Tanjong Pagar,SMC,1,Lim Seck Tiong,PP,Progressive Party,908,11.8,2,lost_deposit
1955,Tanjong Pagar,SMC,1,Lam Thian,DP,Democratic Party,760,9.87,3,lost_deposit
1955,Telok Ayer,SMC,1,"Jumabhoy, R.",Independent,,1945,39.9,1,won
1955,Telok Ayer,SMC,1,Sng Siak Hwee,DP,Democratic Party,1477,30.3,2,lost
1955,Telok Ayer,SMC,1,Tan Ewe Chee,SLF,Singapore Labour Front,1453,29.81,3,lost
1955,Tiong Bahru,SMC,1,William Tan,DP,Democratic Party,2264,38.6,1,won
1955,Tiong Bahru,SMC,1,Foo Few Ting,PP,Progressive Party,2100,35.8,2,lost
1955,Tiong Bahru,SMC,1,Teo Seng Bee,SA,Singapore Alliance,1502,25.61,3,lost
1955,Ulu Bedok,SMC,1,Abdul Hamid bin Jumat,SA,Singapore Alliance,5721,61.04,1,won
1955,Ulu Bedok,SMC,1,Toh Seng Sit,DP,Democratic Party,2999,32.0,2,lost
1955,Ulu Bedok,SMC,1,A. Hamid Rahmat,PP,Progressive Party,652,6.96,3,lost_deposit
1955,Whampoa,SMC,1,Chew Swee Kee,SLF,Singapore Labour Front,2961,45.89,1,won
1955,Whampoa,SMC,1,Thio Chan Bee,PP,Progressive Party,2565,39.75,2,lost
1955,Whampoa,SMC,1,Lee Kok Liang,DP,Democratic Party,927,14.37,3,lost
1959,Aljunied,SMC,1,S. V. Lingam,PAP,People's Action Party,5701,49.4,1,won
1959,Aljunied,SMC,1,E. H. Holloway,LSP,Liberal Socialist Party,5004,43.36,2,lost
1959,Aljunied,SMC,1,Tang Yoong Chiaw,PRSSD,"Partai Rakyat, Singapore State Division",835,7.24,3,lost_deposit
1959,Anson,SMC,1,Baharudin bin Mohamed Ariff,PAP,People's Action Party,5167,60.75,1,won
1959,Anson,SMC,1,Goh Kong Beng,SPA,Singapore People's Alliance,1875,22.04,2,lost
1959,Anson,SMC,1,Tan Cheng Chuan,LSP,Liberal Socialist Party,1231,14.47,3,lost
1959,Anson,SMC,1,Wong Swee Kee,Independent,,117,1.38,4,lost_deposit
1959,Anson,SMC,1,P. Krishanan,Independent,,116,1.36,5,lost_deposit
1959,Bras Basah,SMC,1,Hoe Puay Choo,PAP,People's Action Party,6014,63.25,1,won
1959,Bras Basah,SMC,1,Foo Ho Fang,LSP,Liberal Socialist Party,1993,20.96,2,lost
1959,Bras Basah,SMC,1,Goh Hin Shong,SPA,Singapore People's Alliance,1501,15.79,3,lost
1959,Bukit Merah,SMC,1,Sellappa Ramaswamy,PAP,People's Action Party,5922,59.1,1,won
1959,Bukit Merah,SMC,1,Teo Cheng Hye,SPA,Singapore People's Alliance,3026,30.2,2,lost
1959,Bukit Merah,SMC,1,Lee Choon Eng,Independent,,1073,10.71,3,lost_deposit
1959,Bukit Panjang,SMC,1,Lee Khoon Choy,PAP,People's Action Party,6156,58.31,1,won
1959,Bukit Panjang,SMC,1,Tan Leong Teck,LSP,Liberal Socialist Party,2494,23.62,2,lost
1959,Bukit Panjang,SMC,1,Lim Siak Guan,SPA,Singapore People's Alliance,1382,13.09,3,lost
1959,Bukit Panjang,SMC,1,T. K. Alexander,Independent,,526,4.98,4,lost_deposit
1959,Bukit Timah,SMC,1,Yaacob bin Mohamed,PAP,People's Action Party,6174,61.14,1,won
1959,Bukit Timah,SMC,1,Pek Cheng Chuan,LSP,Liberal Socialist Party,2460,24.36,2,lost
1959,Bukit Timah,SMC,1,Lee Yew Seng,Independent,,1464,14.5,3,lost
1959,Cairnhill,SMC,1,Lim Yew Hock,SPA,Singapore People's Alliance,5275,48.22,1,won
1959,Cairnhill,SMC,1,David Marshall,WP,Workers' Party,2920,26.69,2,lost
1959,Cairnhill,SMC,1,Md. Oh Su Chen,PAP,People's Action Party,2262,20.68,3,lost
1959,Cairnhill,SMC,1,Tan Keng Siong,LSP,Liberal Socialist Party,483,4.41,4,lost_deposit
1959,Changi,SMC,1,Teo Hock Guan,PAP,People's Action Party,3480,35.11,1,won
1959,Changi,SMC,1,A. B. Rahman H. M. Said,PKMS,Pertubuhan Kebangsaan Melayu Singapura,2818,28.43,2,lost
1959,Changi,SMC,1,Lim Cher Kheng,Independent,,2225,22.45,3,lost
1959,Changi,SMC,1,Wee Tin Teck,LSP,Liberal Socialist Party,1024,10.33,4,lost_deposit
1959,Changi,SMC,1,Fatimah Nor Bt. G. S.,Independent,,366,3.69,5,lost_deposit
1959,Choa Chu Kang,SMC,1,Ong Chang Sam,PAP,People's Action Party,3536,56.29,1,won
1959,Choa Chu Kang,SMC,1,Neo Koon Hin,Independent,,1563,24.88,2,lost
1959,Choa Chu Kang,SMC,1,Goh Tong Liang,SPA,Singapore People's Alliance,1183,18.83,3,lost
1959,Crawford,SMC,1,K. M. Byrne,PAP,People's Action Party,7120,66.57,1,won
1959,Crawford,SMC,1,Teng Ling Siong,SPA,Singapore People's Alliance,2487,23.25,2,lost
1959,Crawford,SMC,1,Chua Seng Kian,LSP,Liberal Socialist Party,897,8.39,3,lost_deposit
1959,Crawford,SMC,1,Sim John,Independent,,191,1.79,4,lost_deposit
1959,Delta,SMC,1,Chan Choy Sun,PAP,People's Action Party,9301,69.45,1,won
1959,Delta,SMC,1,Lim Ah Lee,LSP,Liberal Socialist Party,2308,17.23,2,lost
1959,Delta,SMC,1,Chia Chee Buang,PKMS,Pertubuhan Kebangsaan Melayu Singapura,1212,9.05,3,lost_deposit
1959,Delta,SMC,1,Munusamy Nadarajah,SPA,Singapore People's Alliance,571,4.26,4,lost_deposit
1959,Farrer Park,SMC,1,A. P. Rajah,Independent,,4077,44.53,1,won
1959,Farrer Park,SMC,1,Tan Teck Ngiap alias Chen Ta-Ren,PAP,People's Action Party,3832,41.85,2,lost
1959,Farrer Park,SMC,1,Soo-Tho Sin Hee,Independent,,789,8.62,3,lost_deposit
1959,Farrer Park,SMC,1,Chan Kooi Chew,Independent,,311,3.4,4,lost_deposit
1959,Farrer Park,SMC,1,Joseph A.,Independent,,147,1.61,5,lost_deposit
1959,Geylang East,SMC,1,Mohamed Ismail bin Abdul Rahim,PAP,People's Action Party,7153,51.95,1,won
1959,Geylang East,SMC,1,Ng Cheng Chwee,SPA,Singapore People's Alliance,5775,41.94,2,lost
1959,Geylang East,SMC,1,Mak Pak Shee,Independent,,842,6.11,3,lost_deposit
1959,Geylang Serai,SMC,1,Abdul Hamid bin Haji Jumat,PKMS,Pertubuhan Kebangsaan Melayu Singapura,7940,63.09,1,won
1959,Geylang Serai,SMC,1,Roshan bin Hassan,PAP,People's Action Party,3832,30.45,2,lost
1959,Geylang Serai,SMC,1,Syed Ahmad Dahlan,PMIP,Pan Malayan Islamic Party,460,3.66,3,lost_deposit
1959,Geylang Serai,SMC,1,Harun bin Mohamed Amin,PRSSD,"Partai Rakyat, Singapore State Division",353,2.8,4,lost_deposit
1959,Geylang West,SMC,1,Yong Nyuk Lin,PAP,People's Action Party,8923,67.6,1,won
1959,Geylang West,SMC,1,Kwek Sam Hock,SPA,Singapore People's Alliance,4276,32.4,2,lost
1959,Havelock,SMC,1,Lau Peter,PAP,People's Action Party,9227,63.6,1,won
1959,Havelock,SMC,1,Ng See Thong,Independent,,3562,24.55,2,lost
1959,Havelock,SMC,1,Tan Theng Chiang,SPA,Singapore People's Alliance,963,6.64,3,lost_deposit
1959,Havelock,SMC,1,K. S. Loke,PKMS,Pertubuhan Kebangsaan Melayu Singapura,433,2.98,4,lost_deposit
1959,Havelock,SMC,1,Tan Ah Pak,LSP,Liberal Socialist Party,323,2.23,5,lost_deposit
1959,Hong Lim,SMC,1,Ong Eng Guan,PAP,People's Action Party,8834,77.02,1,won
1959,Hong Lim,SMC,1,Loh Ngian Lim,PKMS,Pertubuhan Kebangsaan Melayu Singapura,1192,10.39,2,lost_deposit
1959,Hong Lim,SMC,1,Tan Hong Chye,LSP,Liberal Socialist Party,856,7.46,3,lost_deposit
1959,Hong Lim,SMC,1,Sim Wee Teck,SPA,Singapore People's Alliance,588,5.13,4,lost_deposit
1959,Jalan Besar,SMC,1,Chan Chee Seng,PAP,People's Action Party,7600,62.48,1,won
1959,Jalan Besar,SMC,1,Wong Yew Hon,SPA,Singapore People's Alliance,2573,21.15,2,lost
1959,Jalan Besar,SMC,1,Lo Ka Fat,LSP,Liberal Socialist Party,1488,12.23,3,lost_deposit
1959,Jalan Besar,SMC,1,See Eng Kiat,SLF,Singapore Labour Front,503,4.14,4,lost_deposit
1959,Jalan Kayu,SMC,1,Tan Cheng Tong,PAP,People's Action Party,4837,62.28,1,won
1959,Jalan Kayu,SMC,1,M. P. D. Nair,SPA,Singapore People's Alliance,2929,37.72,2,lost
1959,Joo Chiat,SMC,1,C. H. Koh,SPA,Singapore People's Alliance,6136,45.87,1,won
1959,Joo Chiat,SMC,1,Fong Kim Heng,PAP,People's Action Party,5301,39.63,2,lost
1959,Joo Chiat,SMC,1,Gay Wan Guay,LSP,Liberal Socialist Party,1215,9.08,3,lost_deposit
1959,Joo Chiat,SMC,1,Low Teck Cheng,KURA,Katong United Residents Association,405,3.03,4,lost_deposit
1959,Joo Chiat,SMC,1,Henry Chong,Independent,,320,2.39,5,lost_deposit
1959,Jurong,SMC,1,Chor Yeok Eng,PAP,People's Action Party,4502,70.68,1,won
1959,Jurong,SMC,1,Wong Tuck Leong,SPA,Singapore People's Alliance,1325,20.8,2,lost
1959,Jurong,SMC,1,Chia Yeck Poh,LSP,Liberal Socialist Party,375,5.89,3,lost_deposit
1959,Jurong,SMC,1,Aman B. H. Subri,Independent,,168,2.64,4,lost_deposit
1959,Kallang,SMC,1,Buang bin Omar Junid,PAP,People's Action Party,5690,48.18,1,won
1959,Kallang,SMC,1,Tan Hai Tong,SPA,Singapore People's Alliance,4967,42.05,2,lost
1959,Kallang,SMC,1,Seah Peng Chuan,CP,Citizens' Party,1154,9.77,3,lost_deposit
1959,Kampong Glam,SMC,1,S. Rajaratnam,PAP,People's Action Party,6324,65.27,1,won
1959,Kampong Glam,SMC,1,Mahmood Latiff,SPA,Singapore People's Alliance,1747,18.03,2,lost
1959,Kampong Glam,SMC,1,Ong Eng Lian,LSP,Liberal Socialist Party,1377,14.21,3,lost
1959,Kampong Glam,SMC,1,Wu Shiaw,Independent,,241,2.49,4,lost_deposit
1959,Kampong Kapor,SMC,1,G. Kandasamy,PAP,People's Action Party,6059,54.27,1,won
1959,Kampong Kapor,SMC,1,Chia Ban Wei,SPA,Singapore People's Alliance,3632,32.53,2,lost
1959,Kampong Kapor,SMC,1,Jaganathan S,Independent,,711,6.37,3,lost_deposit
1959,Kampong Kapor,SMC,1,Choo Yeok Koon,Independent,,432,3.87,4,lost_deposit
1959,Kampong Kapor,SMC,1,Yen Jen San,CP,Citizens' Party,330,2.96,5,lost_deposit
1959,Kampong Kembangan,SMC,1,Mohd. Ali b. Alwi,PKMS,Pertubuhan Kebangsaan Melayu Singapura,4443,38.86,1,won
1959,Kampong Kembangan,SMC,1,Othman b. Wok,PAP,People's Action Party,4199,36.73,2,lost
1959,Kampong Kembangan,SMC,1,Mohd. b. Hj. Yacob,SPA,Singapore People's Alliance,2028,17.74,3,lost
1959,Kampong Kembangan,SMC,1,H. M. Yahiya,PMIP,Pan Malayan Islamic Party,317,2.77,4,lost_deposit
1959,Kampong Kembangan,SMC,1,A. Latiff b. Ibrahim,PRSSD,"Partai Rakyat, Singapore State Division",231,2.02,5,lost_deposit
1959,Kampong Kembangan,SMC,1,Jaffar b. Abdul Ghani,Independent,,215,1.88,6,lost_deposit
1959,Kreta Ayer,SMC,1,Goh Keng Swee,PAP,People's Action Party,9313,73.35,1,won
1959,Kreta Ayer,SMC,1,Pang Man Ming,LSP,Liberal Socialist Party,3384,26.65,2,lost
1959,Moulmein,SMC,1,Lin You Eng,PAP,People's Action Party,4324,47.25,1,won
1959,Moulmein,SMC,1,Yap Jin Yau,SPA,Singapore People's Alliance,3955,43.22,2,lost
1959,Moulmein,SMC,1,Tan Peng Khoo,LSP,Liberal Socialist Party,872,9.53,3,lost_deposit
1959,Mountbatten,SMC,1,Chua Seng Kim,SPA,Singapore People's Alliance,3031,33.72,1,won
1959,Mountbatten,SMC,1,Tay Kum Sun,PAP,People's Action Party,2143,23.84,2,lost
1959,Mountbatten,SMC,1,Wong Foo Nam,PKMS,Pertubuhan Kebangsaan Melayu Singapura,1903,21.17,3,lost
1959,Mountbatten,SMC,1,Leon Soh,KURA,Katong United Residents Association,1354,15.06,4,lost
1959,Mountbatten,SMC,1,Wee Soo Bee,LSP,Liberal Socialist Party,559,6.22,5,lost_deposit
1959,Nee Soon,SMC,1,Sheng Nam Chin,PAP,People's Action Party,5622,73.3,1,won
1959,Nee Soon,SMC,1,Yap Chin Poh,SPA,Singapore People's Alliance,1476,19.24,2,lost
1959,Nee Soon,SMC,1,Yong Nyuk Khoon,LSP,Liberal Socialist Party,572,7.46,3,lost_deposit
1959,Pasir Panjang,SMC,1,Tee Kim Leng,PAP,People's Action Party,2123,36.0,1,won
1959,Pasir Panjang,SMC,1,H. J. C. Kulasingha,Independent,,1884,31.95,2,lost
1959,Pasir Panjang,SMC,1,Sukaimi bin Ibrahim,PKMS,Pertubuhan Kebangsaan Melayu Singapura,1704,28.9,3,lost
1959,Pasir Panjang,SMC,1,S. T. V. Lingam,Independent,,186,3.15,4,lost_deposit
1959,Paya Lebar,SMC,1,Tan Kia Gan,PAP,People's Action Party,6531,60.81,1,won
1959,Paya Lebar,SMC,1,Ong Chye Hock,Independent,,4209,39.19,2,lost
1959,Punggol,SMC,1,Ng Teng Kian,PAP,People's Action Party,4072,46.39,1,won
1959,Punggol,SMC,1,Tan Jin Hong,SPA,Singapore People's Alliance,3655,41.64,2,lost
1959,Punggol,SMC,1,Quah Heck Peck,LSP,Liberal Socialist Party,554,6.31,3,lost_deposit
1959,Punggol,SMC,1,Tay Keng Hock,Independent,,497,5.66,4,lost_deposit
1959,Queenstown,SMC,1,Lee Siew Choh,PAP,People's Action Party,5301,53.81,1,won
1959,Queenstown,SMC,1,Chee Phui Hung,SPA,Singapore People's Alliance,3732,37.88,2,lost
1959,Queenstown,SMC,1,Lee Kim Chuan,Independent,,818,8.3,3,lost_deposit
1959,River Valley,SMC,1,Lim Cheng Lock,PAP,People's Action Party,3430,36.55,1,won
1959,River Valley,SMC,1,Soh Ghee Soon,SPA,Singapore People's Alliance,3425,36.5,2,lost
1959,River Valley,SMC,1,E. K. Tan,LSP,Liberal Socialist Party,2529,26.95,3,lost
1959,Rochore,SMC,1,Toh Chin Chye,PAP,People's Action Party,7995,71.76,1,won
1959,Rochore,SMC,1,K. C. Thomas,SPA,Singapore People's Alliance,2212,19.85,2,lost
1959,Rochore,SMC,1,Tan Soo Wan,LSP,Liberal Socialist Party,934,8.38,3,lost_deposit
1959,Sembawang,SMC,1,Ahmad Bin Ibrahim,PAP,People's Action Party,4316,54.69,1,won
1959,Sembawang,SMC,1,V. Jayaram,Independent,,1566,19.84,2,lost
1959,Sembawang,SMC,1,Chew Seng,SPA,Singapore People's Alliance,1084,13.74,3,lost
1959,Sembawang,SMC,1,Lau Sai Seng,LSP,Liberal Socialist Party,926,11.73,4,lost_deposit
1959,Sepoy Lines,SMC,1,Wee Toon Boon,PAP,People's Action Party,5352,58.35,1,won
1959,Sepoy Lines,SMC,1,Goh Su Chiang,SPA,Singapore People's Alliance,3820,41.65,2,lost
1959,Serangoon Gardens,SMC,1,Leong Keng Seng,PAP,People's Action Party,3843,48.93,1,won
1959,Serangoon Gardens,SMC,1,"Wee, Eric Sian Beng",SPA,Singapore People's Alliance,2764,35.19,2,lost
1959,Serangoon Gardens,SMC,1,Liao Ping alias Thomas,PKMS,Pertubuhan Kebangsaan Melayu Singapura,853,10.86,3,lost_deposit
1959,Serangoon Gardens,SMC,1,"Fernandez, Victor Louis",SLF,Singapore Labour Front,330,4.2,4,lost_deposit
1959,Serangoon Gardens,SMC,1,Lilian Tan,LSP,Liberal Socialist Party,64,0.81,5,lost_deposit
1959,Siglap,SMC,1,Sahorah bte Ahmat,PAP,People's Action Party,4407,34.34,1,won
1959,Siglap,SMC,1,Koh Tee Kin,Independent,,3408,26.56,2,lost
1959,Siglap,SMC,1,John Snodgrass,LSP,Liberal Socialist Party,1511,11.78,3,lost_deposit
1959,Siglap,SMC,1,Mohd. Sidik bin Hj. Abd. Hamid,PKMS,Pertubuhan Kebangsaan Melayu Singapura,1418,11.05,4,lost_deposit
1959,Siglap,SMC,1,Abdullah Masood,Independent,,1267,9.87,5,lost_deposit
1959,Siglap,SMC,1,Pang Toon Tin,PRSSD,"Partai Rakyat, Singapore State Division",587,4.57,6,lost_deposit
1959,Siglap,SMC,1,A. Wanjor,PMIP,Pan Malayan Islamic Party,234,1.82,7,lost_deposit
1959,Southern Islands,SMC,1,Ahmad Jabri B. M. Akib,PKMS,Pertubuhan Kebangsaan Melayu Singapura,2598,53.73,1,won
1959,Southern Islands,SMC,1,Kum Teng Hock,PAP,People's Action Party,1225,25.34,2,lost
1959,Southern Islands,SMC,1,Ismail Haji Hussain,LSP,Liberal Socialist Party,1012,20.93,3,lost
1959,Stamford,SMC,1,Fung Yin Ching,PAP,People's Action Party,5372,49.19,1,won
1959,Stamford,SMC,1,J. M. Jumabhoy,SPA,Singapore People's Alliance,3810,34.88,2,lost
1959,Stamford,SMC,1,Ang Meng Gee,WP,Workers' Party,925,8.47,3,lost_deposit
1959,Stamford,SMC,1,Hooi Beng Guan,LSP,Liberal Socialist Party,679,6.22,4,lost_deposit
1959,Stamford,SMC,1,Wong Chee Lim,Independent,,136,1.25,5,lost_deposit
1959,Tampines,SMC,1,Goh Chew Chua,PAP,People's Action Party,7461,73.27,1,won
1959,Tampines,SMC,1,Ong Phi Hok,SPA,Singapore People's Alliance,2041,20.04,2,lost
1959,Tampines,SMC,1,Lim Choo Ten alias Lim How Chiang,Independent,,681,6.69,3,lost_deposit
1959,Tanglin,SMC,1,Thio Chan Bee,SPA,Singapore People's Alliance,2698,34.42,1,won
1959,Tanglin,SMC,1,Ahmad b. Hj. Taff,PKMS,Pertubuhan Kebangsaan Melayu Singapura,2386,30.44,2,lost
1959,Tanglin,SMC,1,Ibrahim b. Othman,PAP,People's Action Party,2360,30.11,3,lost
1959,Tanglin,SMC,1,Chan Ah Wing,LSP,Liberal Socialist Party,395,5.04,4,lost_deposit
1959,Tanjong Pagar,SMC,1,Lee Kuan Yew,PAP,People's Action Party,7617,71.04,1,won
1959,Tanjong Pagar,SMC,1,C. Subramanyam,LSP,Liberal Socialist Party,3105,28.96,2,lost
1959,Telok Ayer,SMC,1,Ong Pang Boon,PAP,People's Action Party,8372,67.38,1,won
1959,Telok Ayer,SMC,1,Tan Kian Kee,SPA,Singapore People's Alliance,2106,16.95,2,lost
1959,Telok Ayer,SMC,1,Tay Soo Yong,Independent,,1660,13.36,3,lost
1959,Telok Ayer,SMC,1,Soh Teck Chee,CP,Citizens' Party,287,2.31,4,lost_deposit
1959,Telok Blangah,SMC,1,John Mammen,PAP,People's Action Party,5803,50.41,1,won
1959,Telok Blangah,SMC,1,Osman Gani,PKMS,Pertubuhan Kebangsaan Melayu Singapura,4141,35.97,2,lost
1959,Telok Blangah,SMC,1,Wee Kim Hock,CP,Citizens' Party,1230,10.69,3,lost_deposit
1959,Telok Blangah,SMC,1,V. Mariappan,Independent,,337,2.93,4,lost_deposit
1959,Thomson,SMC,1,T. Bani,PAP,People's Action Party,4978,54.63,1,won
1959,Thomson,SMC,1,Francis Thomas,SLF,Singapore Labour Front,2581,28.33,2,lost
1959,Thomson,SMC,1,Yap Chin Choon,SPA,Singapore People's Alliance,1553,17.04,3,lost
1959,Tiong Bahru,SMC,1,Lee Teck Him,PAP,People's Action Party,5175,47.66,1,won
1959,Tiong Bahru,SMC,1,Lin Wo Ling,SPA,Singapore People's Alliance,2182,20.09,2,lost
1959,Tiong Bahru,SMC,1,William Tan,Independent,,1730,15.93,3,lost
1959,Tiong Bahru,SMC,1,Lee Bah Chee,LSP,Liberal Socialist Party,996,9.17,4,lost_deposit
1959,Tiong Bahru,SMC,1,Lim Huan Seng,Independent,,494,4.55,5,lost_deposit
1959,Tiong Bahru,SMC,1,Chua Chin Kiat,WP,Workers' Party,282,2.6,6,lost_deposit
1959,Toa Payoh,SMC,1,Wong Soon Fong,PAP,People's Action Party,8693,77.66,1,won
1959,Toa Payoh,SMC,1,Lee Poh Chee,SPA,Singapore People's Alliance,2500,22.34,2,lost
1959,Ulu Pandan,SMC,1,Mohd. Ariff bin Suradi,PAP,People's Action Party,4420,45.44,1,won
1959,Ulu Pandan,SMC,1,Leslie Rayner,SPA,Singapore People's Alliance,3100,31.87,2,lost
1959,Ulu Pandan,SMC,1,S. Khalaff,Independent,,1083,11.13,3,lost_deposit
1959,Ulu Pandan,SMC,1,Low Boon Kiat,Independent,,361,3.71,4,lost_deposit
1959,Ulu Pandan,SMC,1,Anthony Ponnusamy,Independent,,296,3.04,5,lost_deposit
1959,Ulu Pandan,SMC,1,M. Karthigesu,LSP,Liberal Socialist Party,284,2.92,6,lost_deposit
1959,Ulu Pandan,SMC,1,Chua Kim Toh,Independent,,183,1.88,7,lost_deposit
1959,Upper Serangoon,SMC,1,Chan Sun Wing,PAP,People's Action Party,4497,45.06,1,won
1959,Upper Serangoon,SMC,1,Lim Choon Mong,SPA,Singapore People's Alliance,4372,43.81,2,lost
1959,Upper Serangoon,SMC,1,Sin Cho Lang,LSP,Liberal Socialist Party,901,9.03,3,lost_deposit
1959,Upper Serangoon,SMC,1,Tan Choon Teng,CP,Citizens' Party,209,2.09,4,lost_deposit
1963,Aljunied,SMC,1,S. V. Lingam,PAP,People's Action Party,7745,50.9,1,won
1963,Aljunied,SMC,1,Thio Kheng Lock,BS,Barisan Sosialis,4624,30.39,2,lost
1963,Aljunied,SMC,1,Lim Koon Teck,SA,Singapore Alliance,1681,11.05,3,lost_deposit
1963,Aljunied,SMC,1,Woo Kong Seng,UPP,United People's Party,1165,7.66,4,lost_deposit
1963,Anson,SMC,1,P. Govindasamy,PAP,People's Action Party,3957,46.91,1,won
1963,Anson,SMC,1,Chan Chong Keen,BS,Barisan Sosialis,3123,37.02,2,lost
1963,Anson,SMC,1,A. K. Isaac,SA,Singapore Alliance,543,6.44,3,lost_deposit
1963,Anson,SMC,1,David Marshall,Independent,,416,4.93,4,lost_deposit
1963,Anson,SMC,1,Vythalingam V.,UPP,United People's Party,306,3.63,5,lost_deposit
1963,Anson,SMC,1,Chiang Seok Keong,WP,Workers' Party,91,1.08,6,lost_deposit
1963,Bras Basah,SMC,1,Ho See Beng,PAP,People's Action Party,4926,51.8,1,won
1963,Bras Basah,SMC,1,Leong Kwan Fai,BS,Barisan Sosialis,3831,40.28,2,lost
1963,Bras Basah,SMC,1,Pan Cheng Luan,UPP,United People's Party,335,3.52,3,lost_deposit
1963,Bras Basah,SMC,1,Wong Chin Sen,SA,Singapore Alliance,304,3.2,4,lost_deposit
1963,Bras Basah,SMC,1,Chua Chin Kiat,WP,Workers' Party,114,1.2,5,lost_deposit
1963,Bukit Merah,SMC,1,Lim Huan Boon,BS,Barisan Sosialis,4963,42.84,1,won
1963,Bukit Merah,SMC,1,Sellappa Ramaswamy,PAP,People's Action Party,4520,39.02,2,lost
1963,Bukit Merah,SMC,1,Poon Weng Ying,UPP,United People's Party,1129,9.75,3,lost_deposit
1963,Bukit Merah,SMC,1,Shums Tung Tao Chang,SA,Singapore Alliance,740,6.39,4,lost_deposit
1963,Bukit Merah,SMC,1,Ngon Eng Kok,Independent,,232,2.0,5,lost_deposit
1963,Bukit Panjang,SMC,1,Ong Lian Teng,BS,Barisan Sosialis,5679,46.45,1,won
1963,Bukit Panjang,SMC,1,Lee Khoon Choy,PAP,People's Action Party,4940,40.41,2,lost
1963,Bukit Panjang,SMC,1,Loo Bah Chit,SA,Singapore Alliance,999,8.17,3,lost_deposit
1963,Bukit Panjang,SMC,1,Thuan Paik Phok,UPP,United People's Party,607,4.97,4,lost_deposit
1963,Bukit Timah,SMC,1,Lee Tee Tong,BS,Barisan Sosialis,6173,52.39,1,won
1963,Bukit Timah,SMC,1,Chor Yeok Eng,PAP,People's Action Party,4982,42.28,2,lost
1963,Bukit Timah,SMC,1,Ong Tiong Kuan,UPP,United People's Party,628,5.33,3,lost_deposit
1963,Cairnhill,SMC,1,Lim Kim San,PAP,People's Action Party,7749,66.46,1,won
1963,Cairnhill,SMC,1,Lim Ang Chuan,BS,Barisan Sosialis,2443,20.95,2,lost
1963,Cairnhill,SMC,1,Lee Ah Seong,SA,Singapore Alliance,1467,12.58,3,lost
1963,Changi,SMC,1,Sim Boon Woo,PAP,People's Action Party,4808,42.78,1,won
1963,Changi,SMC,1,Siek Shing Min,BS,Barisan Sosialis,3425,30.48,2,lost
1963,Changi,SMC,1,Dato Syed Esa,SA,Singapore Alliance,1975,17.57,3,lost
1963,Changi,SMC,1,Abdullah Masood,UPP,United People's Party,935,8.32,4,lost_deposit
1963,Changi,SMC,1,M. N. Yahya,Independent,,95,0.85,5,lost_deposit
1963,Choa Chu Kang,SMC,1,Chio Cheng Thun,BS,Barisan Sosialis,3753,48.6,1,won
1963,Choa Chu Kang,SMC,1,Lim Kim Hian,PAP,People's Action Party,2429,31.45,2,lost
1963,Choa Chu Kang,SMC,1,Sim Chit Giak,UPP,United People's Party,800,10.36,3,lost_deposit
1963,Choa Chu Kang,SMC,1,Neo Guan Choo,SA,Singapore Alliance,396,5.13,4,lost_deposit
1963,Choa Chu Kang,SMC,1,Goh Tong Liang,Independent,,345,4.47,5,lost_deposit
1963,Crawford,SMC,1,T. Bani,BS,Barisan Sosialis,4400,42.76,1,won
1963,Crawford,SMC,1,K. M. Byrne,PAP,People's Action Party,4207,40.88,2,lost
1963,Crawford,SMC,1,Lau Tok Keong,UPP,United People's Party,1032,10.03,3,lost_deposit
1963,Crawford,SMC,1,S. A. Hsieh,SA,Singapore Alliance,571,5.55,4,lost_deposit
1963,Crawford,SMC,1,Wong Hong Toy,WP,Workers' Party,81,0.79,5,lost_deposit
1963,Delta,SMC,1,Chan Choy Siong,PAP,People's Action Party,5417,40.54,1,won
1963,Delta,SMC,1,Wee Toon Lip,BS,Barisan Sosialis,5354,40.07,2,lost
1963,Delta,SMC,1,Chen Chia Kuang,UPP,United People's Party,2233,16.71,3,lost
1963,Delta,SMC,1,Wong Kui Yu,Independent,,359,2.69,4,lost_deposit
1963,Farrer Park,SMC,1,S. Rajoo,PAP,People's Action Party,5365,55.71,1,won
1963,Farrer Park,SMC,1,Lee Chin Siang,BS,Barisan Sosialis,2619,27.2,2,lost
1963,Farrer Park,SMC,1,A. P. Rajah,SA,Singapore Alliance,1232,12.79,3,lost
1963,Farrer Park,SMC,1,Wee Kia Eng,UPP,United People's Party,414,4.3,4,lost_deposit
1963,Geylang East,SMC,1,Ho Cheng Choon,PAP,People's Action Party,7165,47.28,1,won
1963,Geylang East,SMC,1,Phua Soon Lian,BS,Barisan Sosialis,5389,35.56,2,lost
1963,Geylang East,SMC,1,Ng Cheng Chwee,SA,Singapore Alliance,1467,9.68,3,lost_deposit
1963,Geylang East,SMC,1,Tan Peng Seah,UPP,United People's Party,1134,7.48,4,lost_deposit
1963,Geylang Serai,SMC,1,Rahamat b Kenap,PAP,People's Action Party,6722,48.01,1,won
1963,Geylang Serai,SMC,1,Ahmad b. Hj. Taff,SA,Singapore Alliance,5019,35.85,2,lost
1963,Geylang Serai,SMC,1,M. Taha Suhaimi,PMIP,Pan Malayan Islamic Party,1201,8.58,3,lost_deposit
1963,Geylang Serai,SMC,1,Darus Shariff,Independent,,1059,7.56,4,lost_deposit
1963,Geylang West,SMC,1,Yong Nyuk Lin,PAP,People's Action Party,6288,43.63,1,won
1963,Geylang West,SMC,1,Un Hon Kun,BS,Barisan Sosialis,5670,39.34,2,lost
1963,Geylang West,SMC,1,Kum Teng Hock,UPP,United People's Party,1541,10.69,3,lost_deposit
1963,Geylang West,SMC,1,Mohd. B. Hj. Yacob,SA,Singapore Alliance,914,6.34,4,lost_deposit
1963,Havelock,SMC,1,Loh Miaw Gong,BS,Barisan Sosialis,6304,44.05,1,won
1963,Havelock,SMC,1,Wong Chun Choi,PAP,People's Action Party,4157,29.05,2,lost
1963,Havelock,SMC,1,Ng Chee Sen,UPP,United People's Party,3209,22.42,3,lost
1963,Havelock,SMC,1,Lim Ser Puan,SA,Singapore Alliance,641,4.48,4,lost_deposit
1963,Hong Lim,SMC,1,Ong Eng Guan,UPP,United People's Party,5066,44.48,1,won
1963,Hong Lim,SMC,1,Seah Mui Kok,PAP,People's Action Party,3789,33.27,2,lost
1963,Hong Lim,SMC,1,Lim Chien Sen,BS,Barisan Sosialis,2344,20.58,3,lost
1963,Hong Lim,SMC,1,Sam Tai Guan,SA,Singapore Alliance,191,1.68,4,lost_deposit
1963,Jalan Besar,SMC,1,Chan Chee Seng,PAP,People's Action Party,6686,51.87,1,won
1963,Jalan Besar,SMC,1,Ng Ngeong Yew,BS,Barisan Sosialis,5172,40.12,2,lost
1963,Jalan Besar,SMC,1,Yong Wan Kit,UPP,United People's Party,1033,8.01,3,lost_deposit
1963,Jalan Kayu,SMC,1,Tan Cheng Tong,BS,Barisan Sosialis,3312,38.04,1,won
1963,Jalan Kayu,SMC,1,Teo Hup Teck,PAP,People's Action Party,2676,30.73,2,lost
1963,Jalan Kayu,SMC,1,Lui Boon Phor,UPP,United People's Party,1146,13.16,3,lost
1963,Jalan Kayu,SMC,1,M. P. D. Nair,SA,Singapore Alliance,1057,12.14,4,lost_deposit
1963,Jalan Kayu,SMC,1,Ong Yu Thoh,Independent,,516,5.93,5,lost_deposit
1963,Joo Chiat,SMC,1,Dr. Fong Kim Heng,PAP,People's Action Party,9300,65.89,1,won
1963,Joo Chiat,SMC,1,Leong Keng Seng,BS,Barisan Sosialis,3737,26.48,2,lost
1963,Joo Chiat,SMC,1,Mrs Seow Peck Leng,SA,Singapore Alliance,1078,7.64,3,lost_deposit
1963,Jurong,SMC,1,Chia Thye Poh,BS,Barisan Sosialis,3973,55.86,1,won
1963,Jurong,SMC,1,Ong Soo Chuan,PAP,People's Action Party,2268,31.89,2,lost
1963,Jurong,SMC,1,Soh U Loh,UPP,United People's Party,501,7.04,3,lost_deposit
1963,Jurong,SMC,1,Wong Tuck Leong,SA,Singapore Alliance,371,5.22,4,lost_deposit
1963,Kallang,SMC,1,Buang b. Omar Junid,PAP,People's Action Party,8479,52.21,1,won
1963,Kallang,SMC,1,Dr. P. Oorjitham,BS,Barisan Sosialis,5215,32.11,2,lost
1963,Kallang,SMC,1,Mohd. Shariff B. D.,UPP,United People's Party,1166,7.18,3,lost_deposit
1963,Kallang,SMC,1,Tan Hock Lim,SA,Singapore Alliance,969,5.97,4,lost_deposit
1963,Kallang,SMC,1,Tan Hai Tong,Independent,,411,2.53,5,lost_deposit
1963,Kampong Glam,SMC,1,Rajaratnam S.,PAP,People's Action Party,4313,44.79,1,won
1963,Kampong Glam,SMC,1,Tan Jing Quee,BS,Barisan Sosialis,4093,42.5,2,lost
1963,Kampong Glam,SMC,1,Harbans Singh,UPP,United People's Party,1224,12.71,3,lost
1963,Kampong Kapor,SMC,1,M. Awang,PAP,People's Action Party,4554,41.94,1,won
1963,Kampong Kapor,SMC,1,Lim Hock Thiam,BS,Barisan Sosialis,4155,38.27,2,lost
1963,Kampong Kapor,SMC,1,Nalliah Karuppiah,UPP,United People's Party,1143,10.53,3,lost_deposit
1963,Kampong Kapor,SMC,1,Chia Ban Wei,SA,Singapore Alliance,1006,9.27,4,lost_deposit
1963,Kampong Kembangan,SMC,1,Ariff B. Suradi Mohamed,PAP,People's Action Party,7127,48.32,1,won
1963,Kampong Kembangan,SMC,1,Ali Alwi,SA,Singapore Alliance,3692,25.03,2,lost
1963,Kampong Kembangan,SMC,1,Saleha Binte Md. Shah,PRSSD,"Partai Rakyat, Singapore State Division",2674,18.13,3,lost
1963,Kampong Kembangan,SMC,1,Ibrahim B. Jaffar,UPP,United People's Party,914,6.2,4,lost_deposit
1963,Kampong Kembangan,SMC,1,Mohd. Dali B. Muin,PMIP,Pan Malayan Islamic Party,344,2.33,5,lost_deposit
1963,Kreta Ayer,SMC,1,Goh Keng Swee,PAP,People's Action Party,8059,65.47,1,won
1963,Kreta Ayer,SMC,1,Lau Peter,BS,Barisan Sosialis,3646,29.62,2,lost
1963,Kreta Ayer,SMC,1,Loke Wan,UPP,United People's Party,604,4.91,3,lost_deposit
1963,Moulmein,SMC,1,Mrs. Devan Nair,PAP,People's Action Party,5856,58.0,1,won
1963,Moulmein,SMC,1,Tann Wee Tiong,BS,Barisan Sosialis,3051,30.22,2,lost
1963,Moulmein,SMC,1,Neo Hay Chan,UPP,United People's Party,575,5.69,3,lost_deposit
1963,Moulmein,SMC,1,Koh Chiat Lim,SA,Singapore Alliance,542,5.37,4,lost_deposit
1963,Moulmein,SMC,1,Soo Tho Siu Hee,Independent,,73,0.72,5,lost_deposit
1963,Mountbatten,SMC,1,Ng Yeow Chong,PAP,People's Action Party,7751,48.97,1,won
1963,Mountbatten,SMC,1,Fung Yin Ching,BS,Barisan Sosialis,5158,32.59,2,lost
1963,Mountbatten,SMC,1,Lee Kim Chuan,SA,Singapore Alliance,1865,11.78,3,lost_deposit
1963,Mountbatten,SMC,1,Mrs. Leon-Soh,Independent,,1053,6.65,4,lost_deposit
1963,Nee Soon,SMC,1,Chan Sun Wing,BS,Barisan Sosialis,4914,51.33,1,won
1963,Nee Soon,SMC,1,How Kang Yong,PAP,People's Action Party,3329,34.77,2,lost
1963,Nee Soon,SMC,1,Goh Soo Ming,UPP,United People's Party,864,9.02,3,lost_deposit
1963,Nee Soon,SMC,1,Yeo Teo Bok,SA,Singapore Alliance,364,3.8,4,lost_deposit
1963,Nee Soon,SMC,1,Lim Siak Guan,Independent,,103,1.08,5,lost_deposit
1963,Pasir Panjang,SMC,1,Othman b. Wok,PAP,People's Action Party,2879,45.3,1,won
1963,Pasir Panjang,SMC,1,Tay Cheng Kang,BS,Barisan Sosialis,1887,29.69,2,lost
1963,Pasir Panjang,SMC,1,Ahmad b.Rahmat,SA,Singapore Alliance,1351,21.26,3,lost
1963,Pasir Panjang,SMC,1,Yong Ah Kau,UPP,United People's Party,238,3.75,4,lost_deposit
1963,Paya Lebar,SMC,1,Kow Kee Seng,BS,Barisan Sosialis,6152,47.96,1,won
1963,Paya Lebar,SMC,1,Tan Kia Gan,PAP,People's Action Party,5402,42.11,2,lost
1963,Paya Lebar,SMC,1,Yeo Keng Wee,UPP,United People's Party,858,6.69,3,lost_deposit
1963,Paya Lebar,SMC,1,Goh Yeow Dek,SA,Singapore Alliance,415,3.24,4,lost_deposit
1963,Punggol,SMC,1,Ng Kah Ting,PAP,People's Action Party,4721,47.76,1,won
1963,Punggol,SMC,1,Koh Chit Kiang,BS,Barisan Sosialis,2860,28.93,2,lost
1963,Punggol,SMC,1,Tan Jin Hong,SA,Singapore Alliance,1320,13.35,3,lost
1963,Punggol,SMC,1,Lee Jiak Seck,UPP,United People's Party,984,9.95,4,lost_deposit
1963,Queenstown,SMC,1,Jek Yuen Thong,PAP,People's Action Party,8165,52.81,1,won
1963,Queenstown,SMC,1,Lee Ek Chong,BS,Barisan Sosialis,5589,36.15,2,lost
1963,Queenstown,SMC,1,Ng Ho,UPP,United People's Party,909,5.88,3,lost_deposit
1963,Queenstown,SMC,1,Lee Khee Loong,SA,Singapore Alliance,798,5.16,4,lost_deposit
1963,River Valley,SMC,1,Lim Cheng Lock,PAP,People's Action Party,5597,56.67,1,won
1963,River Valley,SMC,1,Goh Lam San,BS,Barisan Sosialis,2668,27.01,2,lost
1963,River Valley,SMC,1,Yap Pheng Geck,SA,Singapore Alliance,1156,11.71,3,lost_deposit
1963,River Valley,SMC,1,Chung Kit Wong,UPP,United People's Party,455,4.61,4,lost_deposit
1963,Rochore,SMC,1,Toh Chin Chye,PAP,People's Action Party,5015,45.56,1,won
1963,Rochore,SMC,1,Lee Siew Choh,BS,Barisan Sosialis,4926,44.75,2,lost
1963,Rochore,SMC,1,Pan Tiek Tai,UPP,United People's Party,1067,9.69,3,lost_deposit
1963,Sembawang,SMC,1,Teong Eng Siong,PAP,People's Action Party,3745,42.17,1,won
1963,Sembawang,SMC,1,Chen Poh Chang,BS,Barisan Sosialis,3591,40.43,2,lost
1963,Sembawang,SMC,1,Appavoo P.,SA,Singapore Alliance,1197,13.48,3,lost
1963,Sembawang,SMC,1,Low Seng Wan,UPP,United People's Party,348,3.92,4,lost_deposit
1963,Sepoy Lines,SMC,1,Wee Toon Boon,PAP,People's Action Party,4907,52.25,1,won
1963,Sepoy Lines,SMC,1,Ong Chang Sam,BS,Barisan Sosialis,3147,33.51,2,lost
1963,Sepoy Lines,SMC,1,Goh Su Chiang,SA,Singapore Alliance,793,8.44,3,lost_deposit
1963,Sepoy Lines,SMC,1,Tan Choon Sing,UPP,United People's Party,545,5.8,4,lost_deposit
1963,Serangoon Gardens,SMC,1,R. A. Gonzales,PAP,People's Action Party,4456,53.4,1,won
1963,Serangoon Gardens,SMC,1,Ng Hui Sim,BS,Barisan Sosialis,2698,32.33,2,lost
1963,Serangoon Gardens,SMC,1,Ng Teo Joo,UPP,United People's Party,736,8.82,3,lost_deposit
1963,Serangoon Gardens,SMC,1,Choy Kok Wah,SA,Singapore Alliance,455,5.45,4,lost_deposit
1963,Siglap,SMC,1,A. Rahim Ishak,PAP,People's Action Party,9342,62.12,1,won
1963,Siglap,SMC,1,Tay Check Yaw,PRSSD,"Partai Rakyat, Singapore State Division",2618,17.41,2,lost
1963,Siglap,SMC,1,Soo Ban Hoe,SA,Singapore Alliance,1488,9.89,3,lost_deposit
1963,Siglap,SMC,1,Ong Jin Teck,UPP,United People's Party,1365,9.08,4,lost_deposit
1963,Siglap,SMC,1,Koh Tee Kin,Independent,,225,1.5,5,lost_deposit
1963,Southern Islands,SMC,1,Yaacob bin Mohamed,PAP,People's Action Party,2764,55.41,1,won
1963,Southern Islands,SMC,1,Ahmad Jabri b. Akib,SA,Singapore Alliance,2224,44.59,2,lost
1963,Stamford,SMC,1,Fong Sip Chee,PAP,People's Action Party,5781,53.27,1,won
1963,Stamford,SMC,1,Teo Hock Guan,BS,Barisan Sosialis,3719,34.27,2,lost
1963,Stamford,SMC,1,Lim Chung Min,UPP,United People's Party,771,7.1,3,lost_deposit
1963,Stamford,SMC,1,Lal Behari Singh,SA,Singapore Alliance,582,5.36,4,lost_deposit
1963,Tampines,SMC,1,Poh Ber Liak,BS,Barisan Sosialis,5976,48.34,1,won
1963,Tampines,SMC,1,Goh Chew Chua,PAP,People's Action Party,3601,29.13,2,lost
1963,Tampines,SMC,1,Liam Tian Seng,UPP,United People's Party,2130,17.23,3,lost
1963,Tampines,SMC,1,Lim Jew Kan,SA,Singapore Alliance,656,5.31,4,lost_deposit
1963,Tanglin,SMC,1,E. W. Barker,PAP,People's Action Party,4424,51.08,1,won
1963,Tanglin,SMC,1,Tan Cheow Hock,BS,Barisan Sosialis,1997,23.06,2,lost
1963,Tanglin,SMC,1,Thio Chan Bee,SA,Singapore Alliance,1738,20.07,3,lost
1963,Tanglin,SMC,1,Eng Chau Sam,UPP,United People's Party,336,3.88,4,lost_deposit
1963,Tanglin,SMC,1,Ariffin b. Md Said,Independent,,166,1.92,5,lost_deposit
1963,Tanjong Pagar,SMC,1,Lee Kuan Yew,PAP,People's Action Party,6317,58.93,1,won
1963,Tanjong Pagar,SMC,1,Ong Hock Siang,BS,Barisan Sosialis,3537,32.99,2,lost
1963,Tanjong Pagar,SMC,1,Lim Peng Kang,UPP,United People's Party,473,4.41,3,lost_deposit
1963,Tanjong Pagar,SMC,1,Chng Boon Eng,SA,Singapore Alliance,393,3.67,4,lost_deposit
1963,Telok Ayer,SMC,1,Ong Pang Boon,PAP,People's Action Party,5390,44.01,1,won
1963,Telok Ayer,SMC,1,Lam Chit Lee,BS,Barisan Sosialis,4987,40.72,2,lost
1963,Telok Ayer,SMC,1,Goh Hong Keng,UPP,United People's Party,1484,12.12,3,lost_deposit
1963,Telok Ayer,SMC,1,Wang Chung Kwang,Independent,,385,3.14,4,lost_deposit
1963,Telok Blangah,SMC,1,Bernard Rodrigues,PAP,People's Action Party,4949,39.82,1,won
1963,Telok Blangah,SMC,1,Jukri b. Parjo,BS,Barisan Sosialis,4327,34.82,2,lost
1963,Telok Blangah,SMC,1,Abdul Rahman,SA,Singapore Alliance,2627,21.14,3,lost
1963,Telok Blangah,SMC,1,Tan Swee Huat,UPP,United People's Party,525,4.22,4,lost_deposit
1963,Thomson,SMC,1,Koo Young,BS,Barisan Sosialis,5292,49.17,1,won
1963,Thomson,SMC,1,Leo Keng Fong,PAP,People's Action Party,4248,39.47,2,lost
1963,Thomson,SMC,1,Loo Ka Thiam,UPP,United People's Party,1223,11.36,3,lost_deposit
1963,Tiong Bahru,SMC,1,Lee Teck Him,PAP,People's Action Party,5731,48.15,1,won
1963,Tiong Bahru,SMC,1,Soon Dit Woo,BS,Barisan Sosialis,3798,31.91,2,lost
1963,Tiong Bahru,SMC,1,Ng Teng Kian,UPP,United People's Party,1088,9.14,3,lost_deposit
1963,Tiong Bahru,SMC,1,William Tan,Independent,,777,6.53,4,lost_deposit
1963,Tiong Bahru,SMC,1,Tan Kok Siong,SA,Singapore Alliance,508,4.27,5,lost_deposit
1963,Toa Payoh,SMC,1,Wong Soon Fong,BS,Barisan Sosialis,6083,48.2,1,won
1963,Toa Payoh,SMC,1,Yip Sai Weng,PAP,People's Action Party,4276,33.88,2,lost
1963,Toa Payoh,SMC,1,Goh Nee Kim,UPP,United People's Party,1501,11.89,3,lost_deposit
1963,Toa Payoh,SMC,1,Tan Chor Yong,UDP,,760,6.02,4,lost_deposit
1963,Ulu Pandan,SMC,1,Chow Chiok Hock,PAP,People's Action Party,5000,44.86,1,won
1963,Ulu Pandan,SMC,1,Johari bin Sonto,PRSSD,"Partai Rakyat, Singapore State Division",2967,26.62,2,lost
1963,Ulu Pandan,SMC,1,Anang b. H. A. Manan,SA,Singapore Alliance,1729,15.51,3,lost
1963,Ulu Pandan,SMC,1,Ler Chin Tee,UPP,United People's Party,1450,13.01,4,lost
1963,Upper Serangoon,SMC,1,Sia Kah Hui,PAP,People's Action Party,6650,56.56,1,won
1963,Upper Serangoon,SMC,1,Chia Yang Loong,BS,Barisan Sosialis,3547,30.17,2,lost
1963,Upper Serangoon,SMC,1,Phua Gek Boon,UPP,United People's Party,595,5.06,3,lost_deposit
1963,Upper Serangoon,SMC,1,Lim Choon Mong,Independent,,573,4.87,4,lost_deposit
1963,Upper Serangoon,SMC,1,Wu Moh Chye,SA,Singapore Alliance,393,3.34,5,lost_deposit
1968,Alexandra,SMC,1,Wong Lin Ken,PAP,People's Action Party,0,,1,won_uncontested
1968,Aljunied,SMC,1,Mohd. Ghazali Bin Ismail,PAP,People's Action Party,0,,1,won_uncontested
1968,Anson,SMC,1,Govindaswamy Perumal,PAP,People's Action Party,0,,1,won_uncontested
1968,Bras Basah,SMC,1,Ho See Beng,PAP,People's Action Party,0,,1,won_uncontested
1968,Bukit Ho Swee,SMC,1,Seah Mui Kok,PAP,People's Action Party,0,,1,won_uncontested
1968,Bukit Merah,SMC,1,Lim Guan Hoo,PAP,People's Action Party,0,,1,won_uncontested
1968,Bukit Panjang,SMC,1,Selvadurai Pathmanaban,PAP,People's Action Party,0,,1,won_uncontested
1968,Bukit Timah,SMC,1,Chor Yeok Eng,PAP,People's Action Party,0,,1,won_uncontested
1968,Cairnhill,SMC,1,Lim Kim San,PAP,People's Action Party,0,,1,won_uncontested
1968,Changi,SMC,1,Sim Boon Woo,PAP,People's Action Party,0,,1,won_uncontested
1968,Chua Chu Kang,SMC,1,Tang See Chim,PAP,People's Action Party,0,,1,won_uncontested
1968,Crawford,SMC,1,Low Yong Nguan,PAP,People's Action Party,0,,1,won_uncontested
1968,Delta,SMC,1,Chan Choy Siong,PAP,People's Action Party,0,,1,won_uncontested
1968,Farrer Park,SMC,1,Lee Chiaw Meng,PAP,People's Action Party,7826,84.91,1,won
1968,Farrer Park,SMC,1,M. P. D. Nair,Independent,,1391,15.09,2,lost
1968,Geylang East,SMC,1,Ho Cheng Choon,PAP,People's Action Party,0,,1,won_uncontested
1968,Geylang Serai,SMC,1,Rahamat b Kenap,PAP,People's Action Party,9363,83.01,1,won
1968,Geylang Serai,SMC,1,Darus Shariff,Independent,,1916,16.99,2,lost
1968,Geylang West,SMC,1,Yong Nyuk Lin,PAP,People's Action Party,0,,1,won_uncontested
1968,Havelock,SMC,1,Lim Soo Peng,PAP,People's Action Party,0,,1,won_uncontested
1968,Hong Lim,SMC,1,Lee Khoon Choy,PAP,People's Action Party,0,,1,won_uncontested
1968,Jalan Besar,SMC,1,Chan Chee Seng,PAP,People's Action Party,0,,1,won_uncontested
1968,Jalan Kayu,SMC,1,Hwang Soo Jin,PAP,People's Action Party,9581,82.3,1,won
1968,Jalan Kayu,SMC,1,Sum Chong Meng,WP,Workers' Party,2060,17.7,2,lost
1968,Joo Chiat,SMC,1,Yeoh Ghim Seng,PAP,People's Action Party,0,,1,won_uncontested
1968,Jurong,SMC,1,Ho Kah Leong,PAP,People's Action Party,0,,1,won_uncontested
1968,Kallang,SMC,1,Abdul Aziz Karim,PAP,People's Action Party,0,,1,won_uncontested
1968,Kampong Chai Chee,SMC,1,Sha'ari Bin Tadin,PAP,People's Action Party,0,,1,won_uncontested
1968,Kampong Glam,SMC,1,Rajaratnam Sinnathamby,PAP,People's Action Party,0,,1,won_uncontested
1968,Kampong Kapor,SMC,1,Lim Cheng Lock,PAP,People's Action Party,0,,1,won_uncontested
1968,Kampong Kembangan,SMC,1,Mohd. Ariff Bin Suradi,PAP,People's Action Party,0,,1,won_uncontested
1968,Kampong Ubi,SMC,1,Yaacob bin Mohamed,PAP,People's Action Party,9797,81.87,1,won
1968,Kampong Ubi,SMC,1,Tay Mook Yong,Independent,,2169,18.13,2,lost
1968,Katong,SMC,1,De Conceicao J. Francis,PAP,People's Action Party,0,,1,won_uncontested
1968,Kreta Ayer,SMC,1,Goh Keng Swee,PAP,People's Action Party,0,,1,won_uncontested
1968,MacPherson,SMC,1,Chua Sian Chin,PAP,People's Action Party,0,,1,won_uncontested
1968,Moulmein,SMC,1,Chia Seong,PAP,People's Action Party,9675,90.56,1,won
1968,Moulmein,SMC,1,T. T. Joseph,Independent,,1009,9.44,2,lost_deposit
1968,Mountbatten,SMC,1,Ng Yeow Chong,PAP,People's Action Party,0,,1,won_uncontested
1968,Nee Soon,SMC,1,Ong Soo Chuan,PAP,People's Action Party,10442,91.35,1,won
1968,Nee Soon,SMC,1,Wong Hong Toy,WP,Workers' Party,989,8.65,2,lost_deposit
1968,Pasir Panjang,SMC,1,Othman Bin Wok,PAP,People's Action Party,0,,1,won_uncontested
1968,Paya Lebar,SMC,1,Tay Boon Too,PAP,People's Action Party,0,,1,won_uncontested
1968,Potong Pasir,SMC,1,Sellappa Ramaswamy,PAP,People's Action Party,0,,1,won_uncontested
1968,Punggol,SMC,1,Ng Kah Ting,PAP,People's Action Party,0,,1,won_uncontested
1968,Queenstown,SMC,1,Jek Yeun Thong,PAP,People's Action Party,0,,1,won_uncontested
1968,River Valley,SMC,1,Low Guan Onn,PAP,People's Action Party,0,,1,won_uncontested
1968,Rochore,SMC,1,Toh Chin Chye,PAP,People's Action Party,0,,1,won_uncontested
1968,Sembawang,SMC,1,Teong Eng Siong,PAP,People's Action Party,0,,1,won_uncontested
1968,Sepoy Lines,SMC,1,Wee Toon Boon,PAP,People's Action Party,0,,1,won_uncontested
1968,Serangoon Gardens,SMC,1,"Rodrigo, Leonard Peter",PAP,People's Action Party,0,,1,won_uncontested
1968,Siglap,SMC,1,Abdul Rahim Bin Ishak,PAP,People's Action Party,0,,1,won_uncontested
1968,Stamford,SMC,1,"Fong Sip Chee, Andrew",PAP,People's Action Party,0,,1,won_uncontested
1968,Tampines,SMC,1,Phua Bah Lee,PAP,People's Action Party,0,,1,won_uncontested
1968,Tanglin,SMC,1,"Barker, Edmund William",PAP,People's Action Party,0,,1,won_uncontested
1968,Tanjong Pagar,SMC,1,Lee Kuan Yew,PAP,People's Action Party,9128,94.34,1,won
1968,Tanjong Pagar,SMC,1,R. Vetrivelu,Independent,,548,5.66,2,lost_deposit
1968,Telok Ayer,SMC,1,Ong Pang Boon,PAP,People's Action Party,0,,1,won_uncontested
1968,Telok Blangah,SMC,1,Govindasamy s/o N. Naidu,PAP,People's Action Party,0,,1,won_uncontested
1968,Thomson,SMC,1,Ang Nam Piau,PAP,People's Action Party,0,,1,won_uncontested
1968,Tiong Bahru,SMC,1,Ch'ng Jit Koon,PAP,People's Action Party,0,,1,won_uncontested
1968,Toa Payoh,SMC,1,"Cheong Yuen Chee, Eric",PAP,People's Action Party,0,,1,won_uncontested
1968,Ulu Pandan,SMC,1,Lee Teck Him,PAP,People's Action Party,0,,1,won_uncontested
1968,Upper Serangoon,SMC,1,Sia Kah Hui,PAP,People's Action Party,0,,1,won_uncontested
1968,Whampoa,SMC,1,Buang Bin Omar Junid,PAP,People's Action Party,0,,1,won_uncontested
1972,Alexandra,SMC,1,Wong Lin Ken,PAP,People's Action Party,17965,77.52,1,won
1972,Alexandra,SMC,1,Wong Kui Yu,WP,Workers' Party,3782,16.32,2,lost
1972,Alexandra,SMC,1,S.A. Hamid,UNF,United National Front,1427,6.16,3,lost_deposit
1972,Aljunied,SMC,1,Chee Han Tong,PAP,People's Action Party,12861,71.52,1,won
1972,Aljunied,SMC,1,Lim Kang Chew,WP,Workers' Party,4360,24.25,2,lost
1972,Aljunied,SMC,1,Amir Ali b.Mohamed,UNF,United National Front,762,4.24,3,lost_deposit
1972,Anson,SMC,1,P. Govindaswamy,PAP,People's Action Party,5027,74.34,1,won
1972,Anson,SMC,1,Tay Kim Oh,WP,Workers' Party,1291,19.09,2,lost
1972,Anson,SMC,1,C. Kunjuraman,UNF,United National Front,444,6.57,3,lost_deposit
1972,Boon Teck,SMC,1,Phey Yew Kok,PAP,People's Action Party,9947,66.75,1,won
1972,Boon Teck,SMC,1,Lim Thiam Hock,PF,People's Front,4954,33.25,2,lost
1972,Bras Basah,SMC,1,Ho See Beng,PAP,People's Action Party,0,,1,won_uncontested
1972,Bukit Batok,SMC,1,Chai Chong Yii,PAP,People's Action Party,9765,73.78,1,won
1972,Bukit Batok,SMC,1,R. Vetrivelu,UNF,United National Front,3471,26.22,2,lost
1972,Bukit Ho Swee,SMC,1,Seah Mui Kok,PAP,People's Action Party,7862,68.77,1,won
1972,Bukit Ho Swee,SMC,1,Chin Tian Choo,BS,Barisan Sosialis,2209,19.32,2,lost
1972,Bukit Ho Swee,SMC,1,Wee Kia Eng,WP,Workers' Party,1361,11.91,3,lost_deposit
1972,Bukit Merah,SMC,1,Lim Guan Hoo,PAP,People's Action Party,9044,69.33,1,won
1972,Bukit Merah,SMC,1,Kho Jiak Hiong,WP,Workers' Party,2042,15.65,2,lost
1972,Bukit Merah,SMC,1,Said Jali,BS,Barisan Sosialis,1958,15.01,3,lost
1972,Bukit Panjang,SMC,1,Lee Yiok Seng,PAP,People's Action Party,9527,67.65,1,won
1972,Bukit Panjang,SMC,1,Tang Song Khiang,WP,Workers' Party,3496,24.82,2,lost
1972,Bukit Panjang,SMC,1,Leyu Tan Jib,UNF,United National Front,1060,7.53,3,lost_deposit
1972,Bukit Timah,SMC,1,Chor Yeok Eng,PAP,People's Action Party,9475,66.78,1,won
1972,Bukit Timah,SMC,1,K. K. Nair,BS,Barisan Sosialis,4714,33.22,2,lost
1972,Cairnhill,SMC,1,Lim Kim San,PAP,People's Action Party,8458,80.92,1,won
1972,Cairnhill,SMC,1,Paul Elisha,UNF,United National Front,1994,19.08,2,lost
1972,Changi,SMC,1,Sim Boon Woo,PAP,People's Action Party,10512,62.42,1,won
1972,Changi,SMC,1,Normah Yahya,WP,Workers' Party,4917,29.2,2,lost
1972,Changi,SMC,1,Omar Ninggal,UNF,United National Front,1412,8.38,3,lost_deposit
1972,Chua Chu Kang,SMC,1,Tang See Chim,PAP,People's Action Party,9002,62.36,1,won
1972,Chua Chu Kang,SMC,1,Ng Ah Chue,BS,Barisan Sosialis,5434,37.64,2,lost
1972,Crawford,SMC,1,Ang Kok Peng,PAP,People's Action Party,6040,72.6,1,won
1972,Crawford,SMC,1,Wu Kher,WP,Workers' Party,1565,18.81,2,lost
1972,Crawford,SMC,1,N. M. Abdul Wahid,UNF,United National Front,714,8.58,3,lost_deposit
1972,Delta,SMC,1,Yeo Choo Kok,PAP,People's Action Party,9149,70.72,1,won
1972,Delta,SMC,1,Wong Hong Toy,WP,Workers' Party,2186,16.9,2,lost
1972,Delta,SMC,1,A. Rahim,BS,Barisan Sosialis,1602,12.38,3,lost_deposit
1972,Farrer Park,SMC,1,Lee Chiaw Meng,PAP,People's Action Party,8521,73.82,1,won
1972,Farrer Park,SMC,1,Jeyaretnam J. B.,WP,Workers' Party,2668,23.11,2,lost
1972,Farrer Park,SMC,1,S. A. Latiff,UNF,United National Front,354,3.07,3,lost_deposit
1972,Geylang East,SMC,1,Ho Cheng Choon,PAP,People's Action Party,9692,64.24,1,won
1972,Geylang East,SMC,1,Kum Teng Hock,WP,Workers' Party,4951,32.81,2,lost
1972,Geylang East,SMC,1,Mohd. Elias Ibrahim,UNF,United National Front,445,2.95,3,lost_deposit
1972,Geylang Serai,SMC,1,Rahmat Bin Kenap,PAP,People's Action Party,6711,53.59,1,won
1972,Geylang Serai,SMC,1,Ahmad Haji Taff,PKMS,Pertubuhan Kebangsaan Melayu Singapura,4978,39.75,2,lost
1972,Geylang Serai,SMC,1,Rom b. Jaafar,UNF,United National Front,833,6.65,3,lost_deposit
1972,Geylang West,SMC,1,Yong Nyuk Lin,PAP,People's Action Party,7320,69.28,1,won
1972,Geylang West,SMC,1,Quek Doh Lam,WP,Workers' Party,3246,30.72,2,lost
1972,Havelock,SMC,1,Hon Sui Sen,PAP,People's Action Party,7151,72.65,1,won
1972,Havelock,SMC,1,Harbans Singh,BS,Barisan Sosialis,2692,27.35,2,lost
1972,Henderson,SMC,1,Lai Tha Chai,PAP,People's Action Party,6577,74.43,1,won
1972,Henderson,SMC,1,Wong Wen Nan @ Ong Boon Nam,PF,People's Front,2260,25.57,2,lost
1972,Hong Lim,SMC,1,Lee Khoon Choy,PAP,People's Action Party,4835,73.79,1,won
1972,Hong Lim,SMC,1,Wong Kong Hoa,PF,People's Front,1717,26.21,2,lost
1972,Jalan Besar,SMC,1,Chan Chee Seng,PAP,People's Action Party,7794,83.86,1,won
1972,Jalan Besar,SMC,1,Johnnie Ng,UNF,United National Front,1500,16.14,2,lost
1972,Jalan Kayu,SMC,1,Hwang Soo Jin,PAP,People's Action Party,8283,59.43,1,won
1972,Jalan Kayu,SMC,1,Damodaran Nair M. P.,WP,Workers' Party,5137,36.86,2,lost
1972,Jalan Kayu,SMC,1,Ong Seng Kok,UNF,United National Front,518,3.72,3,lost_deposit
1972,Joo Chiat,SMC,1,Yeoh Ghim Seng,PAP,People's Action Party,11669,83.49,1,won
1972,Joo Chiat,SMC,1,William Cook,UNF,United National Front,2307,16.51,2,lost
1972,Jurong,SMC,1,Ho Kah Leong,PAP,People's Action Party,10741,76.43,1,won
1972,Jurong,SMC,1,Ng Soon Hee,UNF,United National Front,3312,23.57,2,lost
1972,Kallang,SMC,1,Abdul Aziz Karim,PAP,People's Action Party,12626,79.75,1,won
1972,Kallang,SMC,1,Sultan Mydin Bin Abdul Hamid,UNF,United National Front,3205,20.25,2,lost
1972,Kampong Chai Chee,SMC,1,Sha'ari Bin Tadin,PAP,People's Action Party,7458,52.39,1,won
1972,Kampong Chai Chee,SMC,1,Ng Yang Choo,BS,Barisan Sosialis,4188,29.42,2,lost
1972,Kampong Chai Chee,SMC,1,Hashim Bin Yadi,WP,Workers' Party,2590,18.19,3,lost
1972,Kampong Glam,SMC,1,Sinnathamby Rajaratnam,PAP,People's Action Party,0,,1,won_uncontested
1972,Kampong Kapor,SMC,1,Yeo Toon Chia,PAP,People's Action Party,6132,73.15,1,won
1972,Kampong Kapor,SMC,1,Chng Boon Eng,UNF,United National Front,2251,26.85,2,lost
1972,Kampong Kembangan,SMC,1,Mohamed Ariff Bin Suradi,PAP,People's Action Party,9671,57.53,1,won
1972,Kampong Kembangan,SMC,1,Othman Abdullah,WP,Workers' Party,5451,32.43,2,lost
1972,Kampong Kembangan,SMC,1,Kamaruddin Hassan,UNF,United National Front,1687,10.04,3,lost_deposit
1972,Kampong Ubi,SMC,1,Ya'acob bin Mohamed,PAP,People's Action Party,8030,56.86,1,won
1972,Kampong Ubi,SMC,1,Rahman Zin,PKMS,Pertubuhan Kebangsaan Melayu Singapura,5076,35.94,2,lost
1972,Kampong Ubi,SMC,1,Darus Shariff,UNF,United National Front,1017,7.2,3,lost_deposit
1972,Katong,SMC,1,De Conceicao Joseph Francis,PAP,People's Action Party,0,,1,won_uncontested
1972,Kim Keat,SMC,1,Ong Teng Cheong,PAP,People's Action Party,10262,74.0,1,won
1972,Kim Keat,SMC,1,Seow Khee Leng,WP,Workers' Party,3022,21.79,2,lost
1972,Kim Keat,SMC,1,W. J. Paglar,UNF,United National Front,583,4.2,3,lost_deposit
1972,Kim Seng,SMC,1,Ong Leong Boon,PAP,People's Action Party,8178,67.74,1,won
1972,Kim Seng,SMC,1,Heng Swee Tong,WP,Workers' Party,3895,32.26,2,lost
1972,Kreta Ayer,SMC,1,Goh Keng Swee,PAP,People's Action Party,0,,1,won_uncontested
1972,Kuo Chuan,SMC,1,P. Selvadurai,PAP,People's Action Party,10523,73.69,1,won
1972,Kuo Chuan,SMC,1,P. Mano,BS,Barisan Sosialis,3757,26.31,2,lost
1972,Leng Kee,SMC,1,Ahmad Mattar,PAP,People's Action Party,10929,68.28,1,won
1972,Leng Kee,SMC,1,Ng Ho,WP,Workers' Party,4036,25.21,2,lost
1972,Leng Kee,SMC,1,N. Logam,UNF,United National Front,1042,6.51,3,lost_deposit
1972,MacPherson,SMC,1,Chua Sian Chin,PAP,People's Action Party,10117,68.76,1,won
1972,MacPherson,SMC,1,Lee Tow Kiat,WP,Workers' Party,4597,31.24,2,lost
1972,Moulmein,SMC,1,Sia Khoon Seong,PAP,People's Action Party,7412,72.43,1,won
1972,Moulmein,SMC,1,Cheng Poh Yew,WP,Workers' Party,2822,27.57,2,lost
1972,Mountbatten,SMC,1,Ng Yeow Chong,PAP,People's Action Party,0,,1,won_uncontested
1972,Nee Soon,SMC,1,Ong Soo Chuan,PAP,People's Action Party,11636,73.29,1,won
1972,Nee Soon,SMC,1,F. S. Yap,UNF,United National Front,4240,26.71,2,lost
1972,Pasir Panjang,SMC,1,Othman Bin Wok,PAP,People's Action Party,9209,71.77,1,won
1972,Pasir Panjang,SMC,1,Syed Ahmad Bin Syed Husain,UNF,United National Front,3623,28.23,2,lost
1972,Paya Lebar,SMC,1,Tay Boon Too,PAP,People's Action Party,11073,61.59,1,won
1972,Paya Lebar,SMC,1,Tan Poh Seng,WP,Workers' Party,5361,29.82,2,lost
1972,Paya Lebar,SMC,1,Kow Kee Seng,Independent,,1545,8.59,3,lost_deposit
1972,Potong Pasir,SMC,1,Baptist Ivan Cuthbert,PAP,People's Action Party,7772,66.22,1,won
1972,Potong Pasir,SMC,1,Rajaratnam Murugason,WP,Workers' Party,3391,28.89,2,lost
1972,Potong Pasir,SMC,1,Harnek Singh,UNF,United National Front,573,4.88,3,lost_deposit
1972,Punggol,SMC,1,Ng Kah Ting,PAP,People's Action Party,8215,58.13,1,won
1972,Punggol,SMC,1,Ng Teng Kian,Independent,,5917,41.87,2,lost
1972,Queenstown,SMC,1,Jek Yeun Thong,PAP,People's Action Party,14200,81.24,1,won
1972,Queenstown,SMC,1,Chua Eng Huat,WP,Workers' Party,2504,14.33,2,lost
1972,Queenstown,SMC,1,Lew Ban Huat,UNF,United National Front,775,4.43,3,lost_deposit
1972,River Valley,SMC,1,Tan Eng Liang,PAP,People's Action Party,0,,1,won_uncontested
1972,Rochore,SMC,1,Toh Chin Chye,PAP,People's Action Party,6218,60.4,1,won
1972,Rochore,SMC,1,Lee Siew Choh,BS,Barisan Sosialis,4076,39.6,2,lost
1972,Sembawang,SMC,1,Teong Eng Siong,PAP,People's Action Party,8466,77.36,1,won
1972,Sembawang,SMC,1,Mohd Arif,UNF,United National Front,2478,22.64,2,lost
1972,Sepoy Lines,SMC,1,Wee Toon Boon,PAP,People's Action Party,9160,81.3,1,won
1972,Sepoy Lines,SMC,1,Ho Soo Hock,UNF,United National Front,2107,18.7,2,lost
1972,Serangoon Gardens,SMC,1,Rodrigo Leonard Peter,PAP,People's Action Party,0,,1,won_uncontested
1972,Siglap,SMC,1,Abdul Rahim Ishak,PAP,People's Action Party,11456,78.63,1,won
1972,Siglap,SMC,1,Ariffin Noordin,WP,Workers' Party,2529,17.36,2,lost
1972,Siglap,SMC,1,H. M. Yahiya,UNF,United National Front,584,4.01,3,lost_deposit
1972,Stamford,SMC,1,Fong Sip Chee,PAP,People's Action Party,5083,71.77,1,won
1972,Stamford,SMC,1,Chiang Seok Keong,WP,Workers' Party,1999,28.23,2,lost
1972,Tampines,SMC,1,Phua Bah Lee,PAP,People's Action Party,9049,64.3,1,won
1972,Tampines,SMC,1,Tan Sim Hock,PF,People's Front,5025,35.7,2,lost
1972,Tanglin,SMC,1,Barker Edmund William,PAP,People's Action Party,0,,1,won_uncontested
1972,Tanjong Pagar,SMC,1,Lee Kuan Yew,PAP,People's Action Party,7542,84.08,1,won
1972,Tanjong Pagar,SMC,1,Leong Mun Kwai,PF,People's Front,1428,15.92,2,lost
1972,Telok Ayer,SMC,1,Ong Pang Boon,PAP,People's Action Party,7612,83.98,1,won
1972,Telok Ayer,SMC,1,Ng Oh Chew,UNF,United National Front,1452,16.02,2,lost
1972,Telok Blangah,SMC,1,N. Govindasamy,PAP,People's Action Party,7669,57.92,1,won
1972,Telok Blangah,SMC,1,Zainul Abiddin Bin Mohd. Shah,WP,Workers' Party,4714,35.6,2,lost
1972,Telok Blangah,SMC,1,M. Ramasamy,UNF,United National Front,858,6.48,3,lost_deposit
1972,Thomson,SMC,1,Ang Nam Piau,PAP,People's Action Party,12378,72.55,1,won
1972,Thomson,SMC,1,Chung Kit Wong,PF,People's Front,4683,27.45,2,lost
1972,Tiong Bahru,SMC,1,Ch'ng Jit Koon,PAP,People's Action Party,11991,75.62,1,won
1972,Tiong Bahru,SMC,1,Seow Yong Chew,WP,Workers' Party,2972,18.74,2,lost
1972,Tiong Bahru,SMC,1,Lee Kah Chit,UNF,United National Front,894,5.64,3,lost_deposit
1972,Toa Payoh,SMC,1,Cheong Yuen Chee,PAP,People's Action Party,10884,73.85,1,won
1972,Toa Payoh,SMC,1,Tay Cheng Kang,BS,Barisan Sosialis,3853,26.15,2,lost
1972,Ulu Pandan,SMC,1,Chiang Hai Ding,PAP,People's Action Party,9378,71.83,1,won
1972,Ulu Pandan,SMC,1,Ang Kheng Kwan,UNF,United National Front,3678,28.17,2,lost
1972,Upper Serangoon,SMC,1,Sia Kah Hui,PAP,People's Action Party,11862,77.72,1,won
1972,Upper Serangoon,SMC,1,Lim Kia Joo,UNF,United National Front,3401,22.28,2,lost
1972,Whampoa,SMC,1,"Tan Hui Heng, Augustine",PAP,People's Action Party,8773,78.55,1,won
1972,Whampoa,SMC,1,Phang Juet Haw,PF,People's Front,2395,21.45,2,lost
1976,Alexandra,SMC,1,Tan Soo Khoon,PAP,People's Action Party,12413,75.9,1,won
1976,Alexandra,SMC,1,Chua Boon Eng Edward,WP,Workers' Party,3941,24.1,2,lost
1976,Aljunied,SMC,1,Chin Harn Tong,PAP,People's Action Party,12230,74.88,1,won
1976,Aljunied,SMC,1,Lim Kang Chew,WP,Workers' Party,4103,25.12,2,lost
1976,Ang Mo Kio,SMC,1,Yeo Toon Chia alias Yeo Toon Chang,PAP,People's Action Party,0,,1,won_uncontested
1976,Anson,SMC,1,Perumal Govindaswamy,PAP,People's Action Party,0,,1,won_uncontested
1976,Bedok,SMC,1,Sha'ari bin Tadin,PAP,People's Action Party,7928,73.78,1,won
1976,Bedok,SMC,1,Sim Peng Kim,UF,United Front,2818,26.22,2,lost
1976,Boon Lay,SMC,1,Ngeow Pack Hua,PAP,People's Action Party,11749,79.82,1,won
1976,Boon Lay,SMC,1,V Joseph,SJP,Singapore Justice Party,2970,20.18,2,lost
1976,Boon Teck,SMC,1,Phey Yew Kok,PAP,People's Action Party,12698,71.92,1,won
1976,Boon Teck,SMC,1,Ng Seng Chua,BS,Barisan Sosialis,4958,28.08,2,lost
1976,Braddell Heights,SMC,1,Lee Khoon Choy,PAP,People's Action Party,0,,1,won_uncontested
1976,Brickworks,SMC,1,Ahmad Mattar,PAP,People's Action Party,9871,73.99,1,won
1976,Brickworks,SMC,1,Tung Tao-Chang alias Shums,UF,United Front,3470,26.01,2,lost
1976,Bukit Batok,SMC,1,Chai Chong Yii,PAP,People's Action Party,12216,84.57,1,won
1976,Bukit Batok,SMC,1,Sulaiman bin Jaffar,SJP,Singapore Justice Party,2229,15.43,2,lost
1976,Bukit Ho Swee,SMC,1,Seah Mui Kok,PAP,People's Action Party,9451,73.5,1,won
1976,Bukit Ho Swee,SMC,1,Hwang Ban Cheong,UF,United Front,3407,26.5,2,lost
1976,Bukit Merah,SMC,1,Lim Guan Hoo,PAP,People's Action Party,12775,76.37,1,won
1976,Bukit Merah,SMC,1,Wong Kui Yu,UF,United Front,3952,23.63,2,lost
1976,Bukit Panjang,SMC,1,Lee Yiok Seng,PAP,People's Action Party,11867,67.43,1,won
1976,Bukit Panjang,SMC,1,Ho Juan Thai,WP,Workers' Party,5731,32.57,2,lost
1976,Bukit Timah,SMC,1,Chor Yeok Eng,PAP,People's Action Party,0,,1,won_uncontested
1976,Buona Vista,SMC,1,Ang Kok Peng,PAP,People's Action Party,12704,82.75,1,won
1976,Buona Vista,SMC,1,Hashim bin Mukayat,UPF,United People's Front,2649,17.25,2,lost
1976,Cairnhill,SMC,1,Lim Kim San,PAP,People's Action Party,7979,68.17,1,won
1976,Cairnhill,SMC,1,Chiam See Tong,Independent,,3726,31.83,2,lost
1976,Changi,SMC,1,Teo Chong Tee,PAP,People's Action Party,12038,72.63,1,won
1976,Changi,SMC,1,Zainal Abiden bin Mohd Ali,WP,Workers' Party,4537,27.37,2,lost
1976,Chua Chu Kang,SMC,1,Tang See Chim,PAP,People's Action Party,11740,68.75,1,won
1976,Chua Chu Kang,SMC,1,Chan Keng Sieng,WP,Workers' Party,5336,31.25,2,lost
1976,Delta,SMC,1,Yeo Choo Kok,PAP,People's Action Party,10636,76.4,1,won
1976,Delta,SMC,1,Ng Ho,UF,United Front,3286,23.6,2,lost
1976,Farrer Park,SMC,1,Lee Chiaw Meng,PAP,People's Action Party,0,,1,won_uncontested
1976,Geylang East,SMC,1,Ho Cheng Choon,PAP,People's Action Party,9405,68.49,1,won
1976,Geylang East,SMC,1,Kum Teng Hock,WP,Workers' Party,4326,31.51,2,lost
1976,Geylang Serai,SMC,1,Rahmat bin Kenap,PAP,People's Action Party,8780,66.34,1,won
1976,Geylang Serai,SMC,1,Amnah bte Kuong Hussein,PKMS,Pertubuhan Kebangsaan Melayu Singapura,3129,23.64,2,lost
1976,Geylang Serai,SMC,1,Darus bin Shariff,UPF,United People's Front,1326,10.02,3,lost_deposit
1976,Geylang West,SMC,1,Yong Nyuk Lin,PAP,People's Action Party,11912,71.18,1,won
1976,Geylang West,SMC,1,Lim Tiong Hock,UF,United Front,4822,28.82,2,lost
1976,Havelock,SMC,1,Hon Sui Sen,PAP,People's Action Party,9250,79.29,1,won
1976,Havelock,SMC,1,Ngoei Soon On,WP,Workers' Party,2416,20.71,2,lost
1976,Henderson,SMC,1,Lai Tha Chai,PAP,People's Action Party,12857,74.77,1,won
1976,Henderson,SMC,1,Hoe Boon Teck,WP,Workers' Party,4338,25.23,2,lost
1976,Jalan Besar,SMC,1,Chan Chee Seng,PAP,People's Action Party,0,,1,won_uncontested
1976,Jalan Kayu,SMC,1,Hwang Soo Jin,PAP,People's Action Party,8883,61.57,1,won
1976,Jalan Kayu,SMC,1,M P D Nair,WP,Workers' Party,5544,38.43,2,lost
1976,Joo Chiat,SMC,1,Yeoh Ghim Seng,PAP,People's Action Party,9601,74.73,1,won
1976,Joo Chiat,SMC,1,M. Ameer Batcha,WP,Workers' Party,3247,25.27,2,lost
1976,Jurong,SMC,1,Ho Kah Leong alias Ho Kah Leung,PAP,People's Action Party,0,,1,won_uncontested
1976,Kallang,SMC,1,S. Dhanabalan,PAP,People's Action Party,11823,73.9,1,won
1976,Kallang,SMC,1,Chan Yoke Kwong,UF,United Front,4175,26.1,2,lost
1976,Kampong Chai Chee,SMC,1,"Fong Sip Chee, Andrew",PAP,People's Action Party,10729,59.92,1,won
1976,Kampong Chai Chee,SMC,1,J. B. Jeyaretnam,WP,Workers' Party,7177,40.08,2,lost
1976,Kampong Glam,SMC,1,S. Rajaratnam,PAP,People's Action Party,13114,80.18,1,won
1976,Kampong Glam,SMC,1,Ang Bee Lian,UPF,United People's Front,3241,19.82,2,lost
1976,Kampong Kembangan,SMC,1,Mansor Sukaimi,PAP,People's Action Party,8028,64.02,1,won
1976,Kampong Kembangan,SMC,1,R. Murugason,WP,Workers' Party,4511,35.98,2,lost
1976,Kampong Ubi,SMC,1,Ya'acob bin Mohamed,PAP,People's Action Party,13241,68.46,1,won
1976,Kampong Ubi,SMC,1,Sahid Bin Sahooman,PKMS,Pertubuhan Kebangsaan Melayu Singapura,6101,31.54,2,lost
1976,Katong,SMC,1,J. F. Conceicao,PAP,People's Action Party,10721,76.18,1,won
1976,Katong,SMC,1,William Cook,UF,United Front,3353,23.82,2,lost
1976,Khe Bong,SMC,1,Ho See Beng,PAP,People's Action Party,10950,74.33,1,won
1976,Khe Bong,SMC,1,Sim Say Chuan,BS,Barisan Sosialis,3782,25.67,2,lost
1976,Kim Keat,SMC,1,Ong Teng Cheong,PAP,People's Action Party,14262,76.62,1,won
1976,Kim Keat,SMC,1,Chin Tian Choo,BS,Barisan Sosialis,4353,23.38,2,lost
1976,Kim Seng,SMC,1,Ong Leong Boon,PAP,People's Action Party,10975,77.65,1,won
1976,Kim Seng,SMC,1,Chiang Seok Keong,WP,Workers' Party,3159,22.35,2,lost
1976,Kolam Ayer,SMC,1,Sidek bin Saniff,PAP,People's Action Party,13175,72.46,1,won
1976,Kolam Ayer,SMC,1,R. Chetty,UF,United Front,5007,27.54,2,lost
1976,Kreta Ayer,SMC,1,Goh Keng Swee,PAP,People's Action Party,0,,1,won_uncontested
1976,Kuo Chuan,SMC,1,P. Selvadurai,PAP,People's Action Party,11931,74.42,1,won
1976,Kuo Chuan,SMC,1,Ng Ah Chue,BS,Barisan Sosialis,4100,25.58,2,lost
1976,Leng Kee,SMC,1,Ow Chin Hock,PAP,People's Action Party,13356,76.76,1,won
1976,Leng Kee,SMC,1,Ng Lep Chong,UF,United Front,4043,23.24,2,lost
1976,MacPherson,SMC,1,Chua Sian Chin,PAP,People's Action Party,0,,1,won_uncontested
1976,Marine Parade,SMC,1,Goh Chok Tong,PAP,People's Action Party,14418,78.62,1,won
1976,Marine Parade,SMC,1,Monsor Rahman,UF,United Front,3922,21.38,2,lost
1976,Moulmein,SMC,1,Sia Khoon Seong,PAP,People's Action Party,8571,72.73,1,won
1976,Moulmein,SMC,1,Balakrishnan,WP,Workers' Party,2766,23.47,2,lost
1976,Moulmein,SMC,1,Lee Nai Choo,Independent,,447,3.79,3,lost_deposit
1976,Mountbatten,SMC,1,Ng Yeow Chong,PAP,People's Action Party,9412,65.86,1,won
1976,Mountbatten,SMC,1,Seow Khee Leng,UF,United Front,4878,34.14,2,lost
1976,Nee Soon,SMC,1,Ong Soo Chuan,PAP,People's Action Party,0,,1,won_uncontested
1976,Pasir Panjang,SMC,1,Othman bin Wok,PAP,People's Action Party,8138,71.93,1,won
1976,Pasir Panjang,SMC,1,Zainal Abiddin bin Mohd Shah,WP,Workers' Party,3176,28.07,2,lost
1976,Paya Lebar,SMC,1,Tan Cheng San,PAP,People's Action Party,9764,67.52,1,won
1976,Paya Lebar,SMC,1,Wong Hong Toy,WP,Workers' Party,4697,32.48,2,lost
1976,Potong Pasir,SMC,1,Baptist Ivan Cuthbert,PAP,People's Action Party,9667,74.83,1,won
1976,Potong Pasir,SMC,1,Quek Doh Lam,WP,Workers' Party,3252,25.17,2,lost
1976,Punggol,SMC,1,Ng Kah Ting,PAP,People's Action Party,13360,69.41,1,won
1976,Punggol,SMC,1,Tan Yong Sin,WP,Workers' Party,5887,30.59,2,lost
1976,Queenstown,SMC,1,Jek Yeun Thong,PAP,People's Action Party,0,,1,won_uncontested
1976,Radin Mas,SMC,1,Govindasamy N,PAP,People's Action Party,13246,75.65,1,won
1976,Radin Mas,SMC,1,Othman Abdullah,WP,Workers' Party,4263,24.35,2,lost
1976,River Valley,SMC,1,Tan Eng Liang,PAP,People's Action Party,12256,81.82,1,won
1976,River Valley,SMC,1,Wu Kher,WP,Workers' Party,2724,18.18,2,lost
1976,Rochore,SMC,1,Toh Chin Chye,PAP,People's Action Party,9053,65.5,1,won
1976,Rochore,SMC,1,Lee Siew Choh,BS,Barisan Sosialis,4768,34.5,2,lost
1976,Sembawang,SMC,1,Teong Eng Siong,PAP,People's Action Party,13661,83.57,1,won
1976,Sembawang,SMC,1,Santhi Thevar,UPF,United People's Front,2685,16.43,2,lost
1976,Serangoon Gardens,SMC,1,Lau Teik Soon,PAP,People's Action Party,7471,68.74,1,won
1976,Serangoon Gardens,SMC,1,C. H. Crabb,WP,Workers' Party,3397,31.26,2,lost
1976,Siglap,SMC,1,A Rahim Ishak,PAP,People's Action Party,9733,78.2,1,won
1976,Siglap,SMC,1,Weerappulli K. W. B.,UF,United Front,2714,21.8,2,lost
1976,Tampines,SMC,1,Phua Bah Lee,PAP,People's Action Party,0,,1,won_uncontested
1976,Tanglin,SMC,1,Barker Edmund William,PAP,People's Action Party,0,,1,won_uncontested
1976,Tanjong Pagar,SMC,1,Lee Kuan Yew,PAP,People's Action Party,9996,89.03,1,won
1976,Tanjong Pagar,SMC,1,Harbans Singh,UPF,United People's Front,1232,10.97,2,lost_deposit
1976,Telok Ayer,SMC,1,Ong Pang Boon,PAP,People's Action Party,0,,1,won_uncontested
1976,Telok Blangah,SMC,1,Shaik Ahmad bin Abdul Haleem,PAP,People's Action Party,0,,1,won_uncontested
1976,Thomson,SMC,1,Ang Nam Piau,PAP,People's Action Party,10636,74.12,1,won
1976,Thomson,SMC,1,Chung Kit Wong,UF,United Front,3714,25.88,2,lost
1976,Tiong Bahru,SMC,1,Ch'ng Jit Koon,PAP,People's Action Party,15248,83.1,1,won
1976,Tiong Bahru,SMC,1,Teo Kim Hoe,UPF,United People's Front,3100,16.9,2,lost
1976,Toa Payoh,SMC,1,Cheong Yuen Chee,PAP,People's Action Party,9633,73.63,1,won
1976,Toa Payoh,SMC,1,Abdul Rahim,BS,Barisan Sosialis,3450,26.37,2,lost
1976,Ulu Pandan,SMC,1,Chiang Hai Ding,PAP,People's Action Party,0,,1,won_uncontested
1976,Upper Serangoon,SMC,1,Sia Kah Hui,PAP,People's Action Party,9982,79.15,1,won
1976,Upper Serangoon,SMC,1,Ng Kwee Lim,UF,United Front,2630,20.85,2,lost
1976,Whampoa,SMC,1,"Tan Hui Heng, Augustine",PAP,People's Action Party,14636,80.98,1,won
1976,Whampoa,SMC,1,Mohamed Shariff,WP,Workers' Party,3438,19.02,2,lost
1980,Alexandra,SMC,1,Tan Soo Khoon,PAP,People's Action Party,0,,1,won_uncontested
1980,Aljunied,SMC,1,Chin Harn Tong,PAP,People's Action Party,13313,84.59,1,won
1980,Aljunied,SMC,1,Sim Peng Kim,UF,United Front,2425,15.41,2,lost
1980,Ang Mo Kio,SMC,1,Yeo Toon Chia,PAP,People's Action Party,17436,81.99,1,won
1980,Ang Mo Kio,SMC,1,Ang Bee Lian,UPF,United People's Front,3830,18.01,2,lost
1980,Anson,SMC,1,C V Devan Nair,PAP,People's Action Party,11564,84.1,1,won
1980,Anson,SMC,1,Santhi Thevar,UPF,United People's Front,2187,15.9,2,lost
1980,Ayer Rajah,SMC,1,Tan Cheng Bock,PAP,People's Action Party,12400,83.39,1,won
1980,Ayer Rajah,SMC,1,A R Suib,SJP,Singapore Justice Party,2470,16.61,2,lost
1980,Bedok,SMC,1,S Jayakumar,PAP,People's Action Party,14691,75.03,1,won
1980,Bedok,SMC,1,Abdul Rahman Bin Mohamed Zin,PKMS,Pertubuhan Kebangsaan Melayu Singapura,3527,18.01,2,lost
1980,Bedok,SMC,1,Thomas Anthony Tay,UPF,United People's Front,1362,6.96,3,lost_deposit
1980,Boon Lay,SMC,1,Goh Chee Wee,PAP,People's Action Party,15005,74.19,1,won
1980,Boon Lay,SMC,1,Tan Chee Kien,UF,United Front,5220,25.81,2,lost
1980,Boon Teck,SMC,1,Liew Kok Pun,PAP,People's Action Party,11917,68.14,1,won
1980,Boon Teck,SMC,1,Lee Siew Choh,BS,Barisan Sosialis,5571,31.86,2,lost
1980,Braddell Heights,SMC,1,Lee Khoon Choy,PAP,People's Action Party,0,,1,won_uncontested
1980,Brickworks,SMC,1,Ahmad Bin Mohamed Mattar,PAP,People's Action Party,0,,1,won_uncontested
1980,Bukit Batok,SMC,1,Chai Chong Yii,PAP,People's Action Party,0,,1,won_uncontested
1980,Bukit Ho Swee,SMC,1,Seah Mui Kok,PAP,People's Action Party,0,,1,won_uncontested
1980,Bukit Merah,SMC,1,Lim Chee Onn,PAP,People's Action Party,0,,1,won_uncontested
1980,Bukit Panjang,SMC,1,Lee Yiok Seng,PAP,People's Action Party,18510,87.03,1,won
1980,Bukit Panjang,SMC,1,Mohd Sani,UPF,United People's Front,2759,12.97,2,lost
1980,Bukit Timah,SMC,1,Chor Yeok Eng,PAP,People's Action Party,0,,1,won_uncontested
1980,Buona Vista,SMC,1,Ang Kok Peng,PAP,People's Action Party,0,,1,won_uncontested
1980,Cairnhill,SMC,1,Wong Kwei Cheong,PAP,People's Action Party,11444,71.79,1,won
1980,Cairnhill,SMC,1,Fok Tai Loy,SDP,Singapore Democratic Party,4498,28.21,2,lost
1980,Changi,SMC,1,Teo Chong Tee,PAP,People's Action Party,0,,1,won_uncontested
1980,Cheng San,SMC,1,Lee Yock Suan,PAP,People's Action Party,12312,75.89,1,won
1980,Cheng San,SMC,1,Choong Chee Kwong,WP,Workers' Party,3911,24.11,2,lost
1980,Chong Boon,SMC,1,Chandra Das,PAP,People's Action Party,0,,1,won_uncontested
1980,Chua Chu Kang,SMC,1,Tang See Chim,PAP,People's Action Party,0,,1,won_uncontested
1980,Clementi,SMC,1,Bernard Chen Tien Lap,PAP,People's Action Party,12162,85.42,1,won
1980,Clementi,SMC,1,S Munjeet,UPF,United People's Front,2076,14.58,2,lost
1980,Delta,SMC,1,Yeo Choo Kok,PAP,People's Action Party,0,,1,won_uncontested
1980,Geylang Serai,SMC,1,Othman Haron Eusofe,PAP,People's Action Party,13195,71.99,1,won
1980,Geylang Serai,SMC,1,Seow Khee Leng,UF,United Front,5134,28.01,2,lost
1980,Geylang West,SMC,1,Teh Cheang Wan,PAP,People's Action Party,17585,85.45,1,won
1980,Geylang West,SMC,1,Long B Abdullah,UPF,United People's Front,2994,14.55,2,lost
1980,Havelock,SMC,1,Hon Sui Sen,PAP,People's Action Party,0,,1,won_uncontested
1980,Henderson,SMC,1,Lai Tha Chai,PAP,People's Action Party,13363,77.42,1,won
1980,Henderson,SMC,1,Lim Kang Chew,WP,Workers' Party,3897,22.58,2,lost
1980,Jalan Besar,SMC,1,Chan Chee Seng,PAP,People's Action Party,0,,1,won_uncontested
1980,Jalan Kayu,SMC,1,Hwang Soo Jin,PAP,People's Action Party,15275,69.02,1,won
1980,Jalan Kayu,SMC,1,M P D Nair,WP,Workers' Party,6855,30.98,2,lost
1980,Joo Chiat,SMC,1,Yeoh Ghim Seng,PAP,People's Action Party,8542,74.18,1,won
1980,Joo Chiat,SMC,1,Soon Kia Seng,SDP,Singapore Democratic Party,2973,25.82,2,lost
1980,Jurong,SMC,1,Ho Kah Leong,PAP,People's Action Party,0,,1,won_uncontested
1980,Kaki Bukit,SMC,1,Saidi Shariff,PAP,People's Action Party,14550,72.32,1,won
1980,Kaki Bukit,SMC,1,Ibrahim Ariff,PKMS,Pertubuhan Kebangsaan Melayu Singapura,4072,20.24,2,lost
1980,Kaki Bukit,SMC,1,Atim B Ismail,UPF,United People's Front,1496,7.44,3,lost_deposit
1980,Kallang,SMC,1,Suppiah Dhanabalan,PAP,People's Action Party,0,,1,won_uncontested
1980,Kampong Chai Chee,SMC,1,Fong Sip Chee,PAP,People's Action Party,15421,81.22,1,won
1980,Kampong Chai Chee,SMC,1,Leong Yew Thong,UF,United Front,3565,18.78,2,lost
1980,Kampong Glam,SMC,1,S Rajaratnam,PAP,People's Action Party,0,,1,won_uncontested
1980,Kampong Kembangan,SMC,1,Mansor Bin Sukaimi,PAP,People's Action Party,11194,78.74,1,won
1980,Kampong Kembangan,SMC,1,Jamal Bin Idris,PKMS,Pertubuhan Kebangsaan Melayu Singapura,3023,21.26,2,lost
1980,Kampong Ubi,SMC,1,Wan Hussin Zoohri,PAP,People's Action Party,11102,73.88,1,won
1980,Kampong Ubi,SMC,1,Sahid Bin Sahooman,PKMS,Pertubuhan Kebangsaan Melayu Singapura,2813,18.72,2,lost
1980,Kampong Ubi,SMC,1,Sh Ahmad Salim,UPF,United People's Front,1113,7.41,3,lost_deposit
1980,Katong,SMC,1,De Conceicao Joseph Francis,PAP,People's Action Party,0,,1,won_uncontested
1980,Kebun Baru,SMC,1,Lim Boon Heng,PAP,People's Action Party,13632,82.83,1,won
1980,Kebun Baru,SMC,1,Lim Tiong Hock,UF,United Front,1883,11.44,2,lost_deposit
1980,Kebun Baru,SMC,1,Jantan B Taib,UPF,United People's Front,943,5.73,3,lost_deposit
1980,Khe Bong,SMC,1,Ho See Beng,PAP,People's Action Party,10497,72.42,1,won
1980,Khe Bong,SMC,1,Sim Say Chuan,BS,Barisan Sosialis,3998,27.58,2,lost
1980,Kim Keat,SMC,1,Ong Teng Cheong,PAP,People's Action Party,0,,1,won_uncontested
1980,Kim Seng,SMC,1,Yeo Ning Hong,PAP,People's Action Party,11109,80.55,1,won
1980,Kim Seng,SMC,1,Seow Yong Chew,WP,Workers' Party,2682,19.45,2,lost
1980,Kolam Ayer,SMC,1,Sidek B Saniff,PAP,People's Action Party,16995,80.35,1,won
1980,Kolam Ayer,SMC,1,Mohamed Monsor Rahman,UF,United Front,4155,19.65,2,lost
1980,Kreta Ayer,SMC,1,Goh Keng Swee,PAP,People's Action Party,0,,1,won_uncontested
1980,Kuo Chuan,SMC,1,P Selvadurai,PAP,People's Action Party,12378,75.92,1,won
1980,Kuo Chuan,SMC,1,Sim Chit Giak,BS,Barisan Sosialis,3925,24.08,2,lost
1980,Leng Kee,SMC,1,Ow Chin Hock,PAP,People's Action Party,0,,1,won_uncontested
1980,MacPherson,SMC,1,Chua Sian Chin,PAP,People's Action Party,15280,86.89,1,won
1980,MacPherson,SMC,1,Haji Darus Shariff,UPF,United People's Front,2306,13.11,2,lost
1980,Marine Parade,SMC,1,Goh Chok Tong,PAP,People's Action Party,0,,1,won_uncontested
1980,Moulmein,SMC,1,Sia Khoon Seong,PAP,People's Action Party,0,,1,won_uncontested
1980,Mountbatten,SMC,1,Yap Giau Cheng Eugene,PAP,People's Action Party,0,,1,won_uncontested
1980,Nee Soon,SMC,1,Koh Lip Lin,PAP,People's Action Party,0,,1,won_uncontested
1980,Pasir Panjang,SMC,1,Abbas Abu Amin,PAP,People's Action Party,11824,72.57,1,won
1980,Pasir Panjang,SMC,1,Zainul Abiddin B Mohd Shah,WP,Workers' Party,4470,27.43,2,lost
1980,Paya Lebar,SMC,1,Sia Kah Hui,PAP,People's Action Party,0,,1,won_uncontested
1980,Potong Pasir,SMC,1,Howe Yoon Chong,PAP,People's Action Party,5509,59.05,1,won
1980,Potong Pasir,SMC,1,Chiam See Tong,SDP,Singapore Democratic Party,3821,40.95,2,lost
1980,Punggol,SMC,1,Ng Kah Ting,PAP,People's Action Party,17103,78.86,1,won
1980,Punggol,SMC,1,Chua Nguan Key,UF,United Front,4585,21.14,2,lost
1980,Queenstown,SMC,1,Jek Yeun Thong,PAP,People's Action Party,0,,1,won_uncontested
1980,Radin Mas,SMC,1,M K A Jabbar,PAP,People's Action Party,11335,64.07,1,won
1980,Radin Mas,SMC,1,Wong Hong Toy,WP,Workers' Party,6356,35.93,2,lost
1980,River Valley,SMC,1,Tay Eng Soon,PAP,People's Action Party,0,,1,won_uncontested
1980,Rochore,SMC,1,Toh Chin Chye,PAP,People's Action Party,0,,1,won_uncontested
1980,Sembawang,SMC,1,Tony Tan Keng Yam,PAP,People's Action Party,13415,81.55,1,won
1980,Sembawang,SMC,1,Harbans Singh,UPF,United People's Front,3035,18.45,2,lost
1980,Serangoon Gardens,SMC,1,Lau Teik Soon,PAP,People's Action Party,0,,1,won_uncontested
1980,Siglap,SMC,1,A Rahim Ishak,PAP,People's Action Party,11564,77.91,1,won
1980,Siglap,SMC,1,R G Scharenguivel,WP,Workers' Party,3278,22.09,2,lost
1980,Tampines,SMC,1,Phua Bah Lee,PAP,People's Action Party,15065,85.92,1,won
1980,Tampines,SMC,1,Kasim Ibrahim,UPF,United People's Front,2469,14.08,2,lost
1980,Tanah Merah,SMC,1,Lee Chiaw Meng,PAP,People's Action Party,0,,1,won_uncontested
1980,Tanglin,SMC,1,Barker Edmund William,PAP,People's Action Party,0,,1,won_uncontested
1980,Tanjong Pagar,SMC,1,Lee Kuan Yew,PAP,People's Action Party,11730,92.74,1,won
1980,Tanjong Pagar,SMC,1,Wee Lai Seng Johnny,UF,United Front,555,4.39,2,lost_deposit
1980,Tanjong Pagar,SMC,1,Lee Mun Hung,UPF,United People's Front,363,2.87,3,lost_deposit
1980,Telok Ayer,SMC,1,Ong Pang Boon,PAP,People's Action Party,0,,1,won_uncontested
1980,Telok Blangah,SMC,1,Rohan Bin Kamis,PAP,People's Action Party,9187,53.02,1,won
1980,Telok Blangah,SMC,1,J B Jeyaretnam,WP,Workers' Party,8141,46.98,2,lost
1980,Thomson,SMC,1,Chau Sik Ting,PAP,People's Action Party,0,,1,won_uncontested
1980,Tiong Bahru,SMC,1,Ch'ng Jit Koon,PAP,People's Action Party,0,,1,won_uncontested
1980,Toa Payoh,SMC,1,Cheong Yuen Chee,PAP,People's Action Party,9872,76.73,1,won
1980,Toa Payoh,SMC,1,Ng Ho,BS,Barisan Sosialis,2994,23.27,2,lost
1980,Ulu Pandan,SMC,1,Chiang Hai Ding,PAP,People's Action Party,0,,1,won_uncontested
1980,West Coast,SMC,1,Wan Soon Bee,PAP,People's Action Party,15185,84.43,1,won
1980,West Coast,SMC,1,M Ramasamy,SJP,Singapore Justice Party,2801,15.57,2,lost
1980,Whampoa,SMC,1,Tan Hui Heng Augustine,PAP,People's Action Party,0,,1,won_uncontested
1980,Yio Chu Kang,SMC,1,Lau Ping Sum,PAP,People's Action Party,11607,87.53,1,won
1980,Yio Chu Kang,SMC,1,L S Piaro,UPF,United People's Front,1653,12.47,2,lost_deposit
1984,Alexandra,SMC,1,Tan Soo Khoon,PAP,People's Action Party,12172,66.79,1,won
1984,Alexandra,SMC,1,J C Corera,WP,Workers' Party,6053,33.21,2,lost
1984,Aljunied,SMC,1,Chin Harn Tong,PAP,People's Action Party,0,,1,won_uncontested
1984,Ang Mo Kio,SMC,1,Yeo Toon Chia,PAP,People's Action Party,9909,72.75,1,won
1984,Ang Mo Kio,SMC,1,Ang Bee Lian,UPF,United People's Front,3711,27.25,2,lost
1984,Anson,SMC,1,J B Jeyaretnam,WP,Workers' Party,9909,56.81,1,won
1984,Anson,SMC,1,Ng Pock Too,PAP,People's Action Party,7533,43.19,2,lost
1984,Ayer Rajah,SMC,1,Tan Cheng Bock,PAP,People's Action Party,14050,75.44,1,won
1984,Ayer Rajah,SMC,1,A R Suib,JPS,Justice Party Singapore,4575,24.56,2,lost
1984,Bedok,SMC,1,S Jayakumar,PAP,People's Action Party,10972,68.95,1,won
1984,Bedok,SMC,1,Lee Chin Teck,SUF,Singapore United Front,4941,31.05,2,lost
1984,Bo Wen,SMC,1,S Vasoo,PAP,People's Action Party,10299,74.7,1,won
1984,Bo Wen,SMC,1,Sh Ahmad Salim,UPF,United People's Front,3488,25.3,2,lost
1984,Boon Lay,SMC,1,Goh Chee Wee,PAP,People's Action Party,12490,69.65,1,won
1984,Boon Lay,SMC,1,Reveendran Sasi,SUF,Singapore United Front,5443,30.35,2,lost
1984,Boon Teck,SMC,1,Ho Tat Kin,PAP,People's Action Party,10224,56.16,1,won
1984,Boon Teck,SMC,1,Lee Siew Choh,BS,Barisan Sosialis,7982,43.84,2,lost
1984,Braddell Heights,SMC,1,Goh Choon Kang,PAP,People's Action Party,0,,1,won_uncontested
1984,Brickworks,SMC,1,Ahmad Mattar,PAP,People's Action Party,8389,66.27,1,won
1984,Brickworks,SMC,1,Mohd Taib B Saffar,WP,Workers' Party,4270,33.73,2,lost
1984,Bukit Batok,SMC,1,Chai Chong Yii,PAP,People's Action Party,14767,78.27,1,won
1984,Bukit Batok,SMC,1,Tan Jue Kit,UPF,United People's Front,4099,21.73,2,lost
1984,Bukit Merah,SMC,1,Lim Chee Onn,PAP,People's Action Party,0,,1,won_uncontested
1984,Bukit Panjang,SMC,1,Lee Yiok Seng,PAP,People's Action Party,0,,1,won_uncontested
1984,Bukit Timah,SMC,1,Wang Kai Yuen,PAP,People's Action Party,0,,1,won_uncontested
1984,Buona Vista,SMC,1,Ang Kok Peng,PAP,People's Action Party,0,,1,won_uncontested
1984,Cairnhill,SMC,1,Wong Kwei Cheong,PAP,People's Action Party,0,,1,won_uncontested
1984,Changi,SMC,1,Teo Chong Tee,PAP,People's Action Party,12195,65.75,1,won
1984,Changi,SMC,1,Sim Peng Kim,SUF,Singapore United Front,6353,34.25,2,lost
1984,Changkat,SMC,1,Aline K Wong,PAP,People's Action Party,10310,58.56,1,won
1984,Changkat,SMC,1,Soon Kia Seng,SDP,Singapore Democratic Party,7297,41.44,2,lost
1984,Cheng San,SMC,1,Lee Yock Suan,PAP,People's Action Party,0,,1,won_uncontested
1984,Chong Boon,SMC,1,S Chandra Das,PAP,People's Action Party,11058,56.02,1,won
1984,Chong Boon,SMC,1,Ling How Dung,SDP,Singapore Democratic Party,8681,43.98,2,lost
1984,Chua Chu Kang,SMC,1,Tang See Chim,PAP,People's Action Party,13254,54.84,1,won
1984,Chua Chu Kang,SMC,1,Chan Keng Sieng,WP,Workers' Party,10720,44.35,2,lost
1984,Chua Chu Kang,SMC,1,Teo Kim Hoe,UPF,United People's Front,196,0.81,3,lost_deposit
1984,Clementi,SMC,1,Bernard Chen Tien Lap,PAP,People's Action Party,0,,1,won_uncontested
1984,Delta,SMC,1,Yeo Choo Kok,PAP,People's Action Party,7987,58.72,1,won
1984,Delta,SMC,1,Chua Chwee Huat Peter,WP,Workers' Party,5614,41.28,2,lost
1984,Eunos,SMC,1,Zulkifli Mohammed,PAP,People's Action Party,10494,64.81,1,won
1984,Eunos,SMC,1,Chong Tung Shang,SUF,Singapore United Front,5697,35.19,2,lost
1984,Fengshan,SMC,1,Arthur Beng Kian Lam,PAP,People's Action Party,11216,65.13,1,won
1984,Fengshan,SMC,1,Chng Chin Siah,SUF,Singapore United Front,6005,34.87,2,lost
1984,Geylang Serai,SMC,1,Othman Haron Eusofe,PAP,People's Action Party,14564,65.57,1,won
1984,Geylang Serai,SMC,1,Mohamed Monsor Rahman,SUF,Singapore United Front,7649,34.43,2,lost
1984,Geylang West,SMC,1,Teh Cheang Wan,PAP,People's Action Party,13798,66.83,1,won
1984,Geylang West,SMC,1,Lim Tiong Hock,SUF,Singapore United Front,6847,33.17,2,lost
1984,Henderson,SMC,1,Lai Tha Chai,PAP,People's Action Party,9695,58.8,1,won
1984,Henderson,SMC,1,Chon Koon Cheong,WP,Workers' Party,6793,41.2,2,lost
1984,Hong Kah,SMC,1,Yeo Cheow Tong,PAP,People's Action Party,0,,1,won_uncontested
1984,Jalan Besar,SMC,1,Lee Boon Yang,PAP,People's Action Party,9236,64.43,1,won
1984,Jalan Besar,SMC,1,A Balakrishnan,WP,Workers' Party,5100,35.57,2,lost
1984,Jalan Kayu,SMC,1,Heng Chiang Meng,PAP,People's Action Party,11985,51.22,1,won
1984,Jalan Kayu,SMC,1,D Nair,WP,Workers' Party,11414,48.78,2,lost
1984,Joo Chiat,SMC,1,Yeoh Ghim Seng,PAP,People's Action Party,0,,1,won_uncontested
1984,Jurong,SMC,1,Ho Kah Leong,PAP,People's Action Party,0,,1,won_uncontested
1984,Kaki Bukit,SMC,1,Chew Heng Ching,PAP,People's Action Party,10229,52.28,1,won
1984,Kaki Bukit,SMC,1,Tan Chee Kien,SUF,Singapore United Front,9336,47.72,2,lost
1984,Kallang,SMC,1,S Dhanabalan,PAP,People's Action Party,11256,64.95,1,won
1984,Kallang,SMC,1,A L Sundram,WP,Workers' Party,6075,35.05,2,lost
1984,Kampong Chai Chee,SMC,1,Fong Sip Chee,PAP,People's Action Party,12125,57.16,1,won
1984,Kampong Chai Chee,SMC,1,Seow Khee Leng,SUF,Singapore United Front,9087,42.84,2,lost
1984,Kampong Glam,SMC,1,S Rajaratnam,PAP,People's Action Party,0,,1,won_uncontested
1984,Kampong Kembangan,SMC,1,Yatiman Yusof,PAP,People's Action Party,10326,55.71,1,won
1984,Kampong Kembangan,SMC,1,Mohamed Jufrie Bin Mahmood,WP,Workers' Party,8210,44.29,2,lost
1984,Kampong Ubi,SMC,1,Wan Hussin Zoohri,PAP,People's Action Party,8378,63.73,1,won
1984,Kampong Ubi,SMC,1,Hj Abd Rahman Zin,PKMS,Pertubuhan Kebangsaan Melayu Singapura,4768,36.27,2,lost
1984,Kebun Baru,SMC,1,Lim Boon Heng,PAP,People's Action Party,12311,75.84,1,won
1984,Kebun Baru,SMC,1,Harbans Singh,UPF,United People's Front,3921,24.16,2,lost
1984,Khe Bong,SMC,1,Tang Guan Seng,PAP,People's Action Party,9221,62.53,1,won
1984,Khe Bong,SMC,1,Sim Say Chuan,BS,Barisan Sosialis,5525,37.47,2,lost
1984,Kim Keat,SMC,1,Ong Teng Cheong,PAP,People's Action Party,0,,1,won_uncontested
1984,Kim Seng,SMC,1,Yeo Ning Hong,PAP,People's Action Party,0,,1,won_uncontested
1984,Kolam Ayer,SMC,1,Sidek B Saniff,PAP,People's Action Party,12812,57.91,1,won
1984,Kolam Ayer,SMC,1,G S Roy,WP,Workers' Party,9311,42.09,2,lost
1984,Kreta Ayer,SMC,1,Hu Tsu Tau,PAP,People's Action Party,11083,83.17,1,won
1984,Kreta Ayer,SMC,1,Lee Mun Hung,Independent,,2242,16.83,2,lost
1984,Kuo Chuan,SMC,1,Wong Kan Seng,PAP,People's Action Party,11162,64.55,1,won
1984,Kuo Chuan,SMC,1,Sim Chit Giak,BS,Barisan Sosialis,6129,35.45,2,lost
1984,Leng Kee,SMC,1,Ow Chin Hock,PAP,People's Action Party,9190,66.84,1,won
1984,Leng Kee,SMC,1,Armstrong G B,WP,Workers' Party,4559,33.16,2,lost
1984,MacPherson,SMC,1,Chua Sian Chin,PAP,People's Action Party,0,,1,won_uncontested
1984,Marine Parade,SMC,1,Goh Chok Tong,PAP,People's Action Party,15228,70.93,1,won
1984,Marine Parade,SMC,1,De Gracias Gertrude M,SUF,Singapore United Front,6242,29.07,2,lost
1984,Moulmein,SMC,1,Sia Khoon Seong,PAP,People's Action Party,0,,1,won_uncontested
1984,Mountbatten,SMC,1,Eugene Yap Giau Cheng,PAP,People's Action Party,16077,81.32,1,won
1984,Mountbatten,SMC,1,Tan Ah Teng,Independent,,3692,18.68,2,lost
1984,Nee Soon,SMC,1,Koh Lip Lin,PAP,People's Action Party,18444,74.24,1,won
1984,Nee Soon,SMC,1,Quek Teow Chuan,SUF,Singapore United Front,6401,25.76,2,lost
1984,Pasir Panjang,SMC,1,Abbas Abu Amin,PAP,People's Action Party,9316,59.35,1,won
1984,Pasir Panjang,SMC,1,John Gan Eng Guan,WP,Workers' Party,6022,38.36,2,lost
1984,Pasir Panjang,SMC,1,M Sani Jan,AI,Angkatan Islam Singapura (Angkasa),359,2.29,3,lost_deposit
1984,Paya Lebar,SMC,1,Philip Tan Tee Yong,PAP,People's Action Party,0,,1,won_uncontested
1984,Potong Pasir,SMC,1,Chiam See Tong,SDP,Singapore Democratic Party,10128,60.28,1,won
1984,Potong Pasir,SMC,1,Mah Bow Tan,PAP,People's Action Party,6674,39.72,2,lost
1984,Punggol,SMC,1,Ng Kah Ting,PAP,People's Action Party,14904,65.09,1,won
1984,Punggol,SMC,1,Sim Ah Leng,SUF,Singapore United Front,7995,34.91,2,lost
1984,Queenstown,SMC,1,Jek Yeun Thong,PAP,People's Action Party,0,,1,won_uncontested
1984,Radin Mas,SMC,1,Chng Hee Kok,PAP,People's Action Party,9997,53.78,1,won
1984,Radin Mas,SMC,1,Wong Hong Toy,WP,Workers' Party,8590,46.22,2,lost
1984,River Valley,SMC,1,Tay Eng Soon,PAP,People's Action Party,0,,1,won_uncontested
1984,Rochore,SMC,1,Toh Chin Chye,PAP,People's Action Party,0,,1,won_uncontested
1984,Sembawang,SMC,1,Tony Tan Keng Yam,PAP,People's Action Party,15948,77.42,1,won
1984,Sembawang,SMC,1,Stanley Mariadass,Independent,,4652,22.58,2,lost
1984,Serangoon Gardens,SMC,1,Lau Teik Soon,PAP,People's Action Party,0,,1,won_uncontested
1984,Siglap,SMC,1,Abdullah B Tarmugi,PAP,People's Action Party,0,,1,won_uncontested
1984,Tampines,SMC,1,Phua Bah Lee,PAP,People's Action Party,13163,72.34,1,won
1984,Tampines,SMC,1,Kasmin B Ibrahim,UPF,United People's Front,5032,27.66,2,lost
1984,Tanah Merah,SMC,1,Ibrahim Othman,PAP,People's Action Party,11093,68.08,1,won
1984,Tanah Merah,SMC,1,Ng Lep Chong,SUF,Singapore United Front,5201,31.92,2,lost
1984,Tanglin,SMC,1,E W Barker,PAP,People's Action Party,0,,1,won_uncontested
1984,Tanjong Pagar,SMC,1,Lee Kuan Yew,PAP,People's Action Party,0,,1,won_uncontested
1984,Teck Ghee,SMC,1,Lee Hsien Loong,PAP,People's Action Party,12794,80.38,1,won
1984,Teck Ghee,SMC,1,Giam Lai Cheng,UPF,United People's Front,3123,19.62,2,lost
1984,Telok Ayer,SMC,1,Ong Pang Boon,PAP,People's Action Party,0,,1,won_uncontested
1984,Telok Blangah,SMC,1,Koh Lam Son,PAP,People's Action Party,10150,55.02,1,won
1984,Telok Blangah,SMC,1,Rajaratnam Murugason,WP,Workers' Party,8299,44.98,2,lost
1984,Thomson,SMC,1,Leong Horn Kee,PAP,People's Action Party,0,,1,won_uncontested
1984,Tiong Bahru,SMC,1,Ch'ng Jit Koon,PAP,People's Action Party,0,,1,won_uncontested
1984,Toa Payoh,SMC,1,Cheong Yuen Chee,PAP,People's Action Party,8559,65.16,1,won
1984,Toa Payoh,SMC,1,Ng Ho,BS,Barisan Sosialis,4576,34.84,2,lost
1984,Ulu Pandan,SMC,1,Dixie Tan-Lee Mo Chun,PAP,People's Action Party,0,,1,won_uncontested
1984,West Coast,SMC,1,Wan Soon Bee,PAP,People's Action Party,19745,75.72,1,won
1984,West Coast,SMC,1,M Ramasamy,JPS,Justice Party Singapore,6331,24.28,2,lost
1984,Whampoa,SMC,1,Tan Hui Heng Augustine,PAP,People's Action Party,0,,1,won_uncontested
1984,Yio Chu Kang,SMC,1,Lau Ping Sum,PAP,People's Action Party,11977,76.66,1,won
1984,Yio Chu Kang,SMC,1,Munjeet Singh,UPF,United People's Front,3647,23.34,2,lost
1984,Yuhua,SMC,1,Foo Yee Shoon,PAP,People's Action Party,9551,61.43,1,won
1984,Yuhua,SMC,1,Lim Ah Yong,SDP,Singapore Democratic Party,5996,38.57,2,lost
1988,Aljunied,GRC,3,Chin Harn Tong,PAP,People's Action Party,34020,56.33,1,won
1988,Aljunied,GRC,3,Wan Hussin B H Zoohri,PAP,People's Action Party,34020,56.33,1,won
1988,Aljunied,GRC,3,George Yong-Boon Yeo,PAP,People's Action Party,34020,56.33,1,won
1988,Aljunied,GRC,3,Mohamed Jufrie B Mahmood,SDP,Singapore Democratic Party,26375,43.67,2,lost
1988,Aljunied,GRC,3,Neo Choon Aik,SDP,Singapore Democratic Party,26375,43.67,2,lost
1988,Aljunied,GRC,3,Ashleigh Seow Chuan-Hock,SDP,Singapore Democratic Party,26375,43.67,2,lost
1988,Ang Mo Kio,SMC,1,Yeo Toon Chia,PAP,People's Action Party,13365,65.49,1,won
1988,Ang Mo Kio,SMC,1,Ong Kah Seng,NSP,National Solidarity Party,7044,34.51,2,lost
1988,Ayer Rajah,SMC,1,Tan Cheng Bock,PAP,People's Action Party,14824,69.55,1,won
1988,Ayer Rajah,SMC,1,Tan Song Gek,WP,Workers' Party,6489,30.45,2,lost
1988,Bedok,GRC,3,Hong Hai,PAP,People's Action Party,28266,54.92,1,won
1988,Bedok,GRC,3,Ibrahim Othman,PAP,People's Action Party,28266,54.92,1,won
1988,Bedok,GRC,3,S Jayakumar,PAP,People's Action Party,28266,54.92,1,won
1988,Bedok,GRC,3,Gertrude De Gracias,WP,Workers' Party,23203,45.08,2,lost
1988,Bedok,GRC,3,Saraswathy Murugason,WP,Workers' Party,23203,45.08,2,lost
1988,Bedok,GRC,3,Seow Khee Leng,WP,Workers' Party,23203,45.08,2,lost
1988,Boon Lay,SMC,1,Goh Chee Wee,PAP,People's Action Party,11317,71.97,1,won
1988,Boon Lay,SMC,1,Salleh Mohd Bawthan,PKMS,Pertubuhan Kebangsaan Melayu Singapura,4408,28.03,2,lost
1988,Braddell Heights,SMC,1,Goh Choon Kang,PAP,People's Action Party,14862,58.8,1,won
1988,Braddell Heights,SMC,1,Sin Kek Tong,SDP,Singapore Democratic Party,10412,41.2,2,lost
1988,Brickworks,GRC,3,Ahmad Mattar,PAP,People's Action Party,26870,67.43,1,won
1988,Brickworks,GRC,3,Chay Wai Chuen,PAP,People's Action Party,26870,67.43,1,won
1988,Brickworks,GRC,3,Tan Soo Khoon,PAP,People's Action Party,26870,67.43,1,won
1988,Brickworks,GRC,3,J C Corera,WP,Workers' Party,12977,32.57,2,lost
1988,Brickworks,GRC,3,Goh Teng Hoon,WP,Workers' Party,12977,32.57,2,lost
1988,Brickworks,GRC,3,Ismail Yaacob,WP,Workers' Party,12977,32.57,2,lost
1988,Bukit Batok,SMC,1,Ong Chit Chung,PAP,People's Action Party,12873,55.94,1,won
1988,Bukit Batok,SMC,1,Kwan Yue Keng,SDP,Singapore Democratic Party,10139,44.06,2,lost
1988,Bukit Gombak,SMC,1,Seet Ai Mee,PAP,People's Action Party,12661,53.46,1,won
1988,Bukit Gombak,SMC,1,Ling How Doong,SDP,Singapore Democratic Party,11024,46.54,2,lost
1988,Bukit Merah,SMC,1,Lim Chee Onn,PAP,People's Action Party,9414,69.78,1,won
1988,Bukit Merah,SMC,1,Pok Lee Chuen,WP,Workers' Party,4077,30.22,2,lost
1988,Bukit Panjang,SMC,1,Lee Yiok Seng,PAP,People's Action Party,18314,57.29,1,won
1988,Bukit Panjang,SMC,1,Kwek Guan Kwee,SDP,Singapore Democratic Party,9864,30.86,2,lost
1988,Bukit Panjang,SMC,1,Ibrahim Ariff,PKMS,Pertubuhan Kebangsaan Melayu Singapura,3790,11.86,3,lost_deposit
1988,Bukit Timah,SMC,1,Wang Kai Yuen,PAP,People's Action Party,0,,1,won_uncontested
1988,Buona Vista,SMC,1,Peter Sung,PAP,People's Action Party,8859,61.76,1,won
1988,Buona Vista,SMC,1,Low Yong Nguan,SDP,Singapore Democratic Party,5037,35.11,2,lost
1988,Buona Vista,SMC,1,Abdul Karim B Abdul Sattar,PKMS,Pertubuhan Kebangsaan Melayu Singapura,449,3.13,3,lost_deposit
1988,Cairnhill,SMC,1,Wong Kwei Cheong,PAP,People's Action Party,12779,63.98,1,won
1988,Cairnhill,SMC,1,Jimmy Tan Tiang Hoe,SDP,Singapore Democratic Party,7194,36.02,2,lost
1988,Changi,SMC,1,Teo Chong Tee,PAP,People's Action Party,9398,59.37,1,won
1988,Changi,SMC,1,Chiam Yeow Juan,WP,Workers' Party,6431,40.63,2,lost
1988,Cheng San,GRC,3,Chandra Das S,PAP,People's Action Party,0,,1,won_uncontested
1988,Cheng San,GRC,3,Heng Chiang Meng,PAP,People's Action Party,0,,1,won_uncontested
1988,Cheng San,GRC,3,Lee Yock Suan,PAP,People's Action Party,0,,1,won_uncontested
1988,Chua Chu Kang,SMC,1,Low Seow Chay,PAP,People's Action Party,11058,59.28,1,won
1988,Chua Chu Kang,SMC,1,Goh Seng Soon,WP,Workers' Party,7597,40.72,2,lost
1988,Eunos,GRC,3,Chew Heng Ching,PAP,People's Action Party,36500,50.89,1,won
1988,Eunos,GRC,3,Tay Eng Soon,PAP,People's Action Party,36500,50.89,1,won
1988,Eunos,GRC,3,Zulkifli Mohammed,PAP,People's Action Party,36500,50.89,1,won
1988,Eunos,GRC,3,Lee Siew Choh,WP,Workers' Party,35221,49.11,2,lost
1988,Eunos,GRC,3,Mohd Khalit B Md Baboo,WP,Workers' Party,35221,49.11,2,lost
1988,Eunos,GRC,3,Francis Seow,WP,Workers' Party,35221,49.11,2,lost
1988,Fengshan,SMC,1,Arthur Beng Kian Lam,PAP,People's Action Party,9507,57.92,1,won
1988,Fengshan,SMC,1,Chng Chin Siah,WP,Workers' Party,6907,42.08,2,lost
1988,Hong Kah,GRC,3,A Nasser Kamaruddin,PAP,People's Action Party,0,,1,won_uncontested
1988,Hong Kah,GRC,3,John Chen Seow Phun,PAP,People's Action Party,0,,1,won_uncontested
1988,Hong Kah,GRC,3,Yeo Cheow Tong,PAP,People's Action Party,0,,1,won_uncontested
1988,Hougang,SMC,1,Tang Guan Seng,PAP,People's Action Party,11983,58.96,1,won
1988,Hougang,SMC,1,Lim Chiu Liang,WP,Workers' Party,8342,41.04,2,lost
1988,Jalan Besar,GRC,3,Lee Boon Yang,PAP,People's Action Party,31604,62.68,1,won
1988,Jalan Besar,GRC,3,Peh Chin Hua,PAP,People's Action Party,31604,62.68,1,won
1988,Jalan Besar,GRC,3,Sidek Bin Saniff,PAP,People's Action Party,31604,62.68,1,won
1988,Jalan Besar,GRC,3,Marsh Edmund Richard,WP,Workers' Party,18814,37.32,2,lost
1988,Jalan Besar,GRC,3,Mohamed Bin Idris,WP,Workers' Party,18814,37.32,2,lost
1988,Jalan Besar,GRC,3,Toh Keng Thong @ Toh Keng Tong,WP,Workers' Party,18814,37.32,2,lost
1988,Jurong,SMC,1,Ho Kah Leong,PAP,People's Action Party,14769,75.17,1,won
1988,Jurong,SMC,1,Mohamed Awang,PKMS,Pertubuhan Kebangsaan Melayu Singapura,4879,24.83,2,lost
1988,Kallang,SMC,1,S Dhanabalan,PAP,People's Action Party,13097,66.13,1,won
1988,Kallang,SMC,1,A L Sundram,WP,Workers' Party,6707,33.87,2,lost
1988,Kampong Glam,SMC,1,Loh Meng See,PAP,People's Action Party,12525,67.32,1,won
1988,Kampong Glam,SMC,1,Frederick De Wind,WP,Workers' Party,5800,31.17,2,lost
1988,Kampong Glam,SMC,1,M Sani Jan,AI,Angkatan Islam Singapura (Angkasa),280,1.5,3,lost_deposit
1988,Kebun Baru,SMC,1,Lim Boon Heng,PAP,People's Action Party,15734,75.36,1,won
1988,Kebun Baru,SMC,1,Mohamed Affendy Bin Abdul Rahim,NSP,National Solidarity Party,5145,24.64,2,lost
1988,Kim Keat,SMC,1,Ong Teng Cheong,PAP,People's Action Party,10644,73.0,1,won
1988,Kim Keat,SMC,1,Md Shariff Bin Yahya,SDP,Singapore Democratic Party,3937,27.0,2,lost
1988,Kim Seng,SMC,1,Yeo Ning Hong,PAP,People's Action Party,11460,66.9,1,won
1988,Kim Seng,SMC,1,Chin Tian Choo,WP,Workers' Party,5670,33.1,2,lost
1988,Kreta Ayer,SMC,1,Hu Tsu Tau,PAP,People's Action Party,13158,70.5,1,won
1988,Kreta Ayer,SMC,1,Loh Fook Cheong,WP,Workers' Party,5507,29.5,2,lost
1988,Leng Kee,SMC,1,Ow Chin Hock,PAP,People's Action Party,13334,64.96,1,won
1988,Leng Kee,SMC,1,Chua Chwee Huat Peter,WP,Workers' Party,7192,35.04,2,lost
1988,MacPherson,SMC,1,Chua Sian Chin,PAP,People's Action Party,10453,65.98,1,won
1988,MacPherson,SMC,1,Kum Teng Hock,NSP,National Solidarity Party,5390,34.02,2,lost
1988,Marine Parade,GRC,3,Choo Wee Khiang,PAP,People's Action Party,41325,73.81,1,won
1988,Marine Parade,GRC,3,Goh Chok Tong,PAP,People's Action Party,41325,73.81,1,won
1988,Marine Parade,GRC,3,Othman Haron Eusofe,PAP,People's Action Party,41325,73.81,1,won
1988,Marine Parade,GRC,3,A R Suib,JPS,Justice Party Singapore,14660,26.19,2,lost
1988,Marine Parade,GRC,3,M Ramasamy,JPS,Justice Party Singapore,14660,26.19,2,lost
1988,Marine Parade,GRC,3,Theng Chin Eng,JPS,Justice Party Singapore,14660,26.19,2,lost
1988,Moulmein,SMC,1,Sia Khoon Seong,PAP,People's Action Party,11334,66.08,1,won
1988,Moulmein,SMC,1,A Balakrishnan,WP,Workers' Party,5817,33.92,2,lost
1988,Mountbatten,SMC,1,Yap Giau Cheng Eugene,PAP,People's Action Party,12712,78.15,1,won
1988,Mountbatten,SMC,1,Chiam Pan Boon,Independent,,3554,21.85,2,lost
1988,Nee Soon Central,SMC,1,Ng Pock Too,PAP,People's Action Party,13396,57.61,1,won
1988,Nee Soon Central,SMC,1,Cheo Chai Chen,SDP,Singapore Democratic Party,8944,38.46,2,lost
1988,Nee Soon Central,SMC,1,Giam Lai Cheng,UPF,United People's Front,914,3.93,3,lost_deposit
1988,Nee Soon South,SMC,1,Koh Lip Lin,PAP,People's Action Party,13793,64.88,1,won
1988,Nee Soon South,SMC,1,Yong Chu Leong,SDP,Singapore Democratic Party,6533,30.73,2,lost
1988,Nee Soon South,SMC,1,Munjeet Singh,UPF,United People's Front,932,4.38,3,lost_deposit
1988,Pasir Panjang,GRC,3,Abbas Abu Amin,PAP,People's Action Party,38545,61.57,1,won
1988,Pasir Panjang,GRC,3,Bernard Chen Tien Lap,PAP,People's Action Party,38545,61.57,1,won
1988,Pasir Panjang,GRC,3,Wan Soon Bee,PAP,People's Action Party,38545,61.57,1,won
1988,Pasir Panjang,GRC,3,Gan Eng Guan,WP,Workers' Party,24059,38.43,2,lost
1988,Pasir Panjang,GRC,3,Mohd Taib Sattar,WP,Workers' Party,24059,38.43,2,lost
1988,Pasir Panjang,GRC,3,Wee Han Kim,WP,Workers' Party,24059,38.43,2,lost
1988,Paya Lebar,SMC,1,Philip Tan Tee Yong,PAP,People's Action Party,12352,52.36,1,won
1988,Paya Lebar,SMC,1,Chew David,SDP,Singapore Democratic Party,11240,47.64,2,lost
1988,Potong Pasir,SMC,1,Chiam See Tong,SDP,Singapore Democratic Party,11804,63.13,1,won
1988,Potong Pasir,SMC,1,Kenneth Chen Koon Lap,PAP,People's Action Party,6893,36.87,2,lost
1988,Punggol,SMC,1,Ng Kah Ting,PAP,People's Action Party,17914,59.85,1,won
1988,Punggol,SMC,1,Abdul Rasheed s/o Y Abdul Kuthus,SDP,Singapore Democratic Party,12017,40.15,2,lost
1988,Sembawang,GRC,3,Chong You Fook Charles,PAP,People's Action Party,36154,70.08,1,won
1988,Sembawang,GRC,3,Shanmugam K,PAP,People's Action Party,36154,70.08,1,won
1988,Sembawang,GRC,3,Tony Tan Keng Yam,PAP,People's Action Party,36154,70.08,1,won
1988,Sembawang,GRC,3,Ang Bee Lian,UPF,United People's Front,15436,29.92,2,lost
1988,Sembawang,GRC,3,Kasim Bin Ibrahim,UPF,United People's Front,15436,29.92,2,lost
1988,Sembawang,GRC,3,Harbans Singh,UPF,United People's Front,15436,29.92,2,lost
1988,Serangoon Gardens,SMC,1,Lau Teik Soon,PAP,People's Action Party,16234,74.17,1,won
1988,Serangoon Gardens,SMC,1,Harry Baptist,Independent,,5654,25.83,2,lost
1988,Siglap,SMC,1,Abdullah Bin Tarmugi,PAP,People's Action Party,12101,73.73,1,won
1988,Siglap,SMC,1,Chong Tung Shang,WP,Workers' Party,4311,26.27,2,lost
1988,Tampines,GRC,3,Mah Bow Tan,PAP,People's Action Party,37216,61.0,1,won
1988,Tampines,GRC,3,Aline Wong,PAP,People's Action Party,37216,61.0,1,won
1988,Tampines,GRC,3,Yatiman Yusof,PAP,People's Action Party,37216,61.0,1,won
1988,Tampines,GRC,3,Abdul Malik Bin Ali,NSP,National Solidarity Party,23796,39.0,2,lost
1988,Tampines,GRC,3,Chan Yeng Cheong,NSP,National Solidarity Party,23796,39.0,2,lost
1988,Tampines,GRC,3,Lim Ah Yong,NSP,National Solidarity Party,23796,39.0,2,lost
1988,Tanglin,SMC,1,Lew Syn Pau,PAP,People's Action Party,0,,1,won_uncontested
1988,Tanjong Pagar,SMC,1,Lee Kuan Yew,PAP,People's Action Party,14043,81.6,1,won
1988,Tanjong Pagar,SMC,1,M G Guru,Independent,,3167,18.4,2,lost
1988,Teck Ghee,SMC,1,Lee Hsien Loong,PAP,People's Action Party,11512,79.13,1,won
1988,Teck Ghee,SMC,1,Patrick Leong S C,Independent,,3037,20.87,2,lost
1988,Telok Blangah,SMC,1,Koh Lam Son,PAP,People's Action Party,11160,64.21,1,won
1988,Telok Blangah,SMC,1,Tan Soo Phuan,WP,Workers' Party,6220,35.79,2,lost
1988,Thomson,SMC,1,Leong Horn Kee,PAP,People's Action Party,21514,67.01,1,won
1988,Thomson,SMC,1,Ng Teck Siong,SDP,Singapore Democratic Party,10590,32.99,2,lost
1988,Tiong Bahru,GRC,3,Chng Hee Kok,PAP,People's Action Party,31732,57.84,1,won
1988,Tiong Bahru,GRC,3,Ch'ng Jit Koon,PAP,People's Action Party,31732,57.84,1,won
1988,Tiong Bahru,GRC,3,S Vasoo,PAP,People's Action Party,31732,57.84,1,won
1988,Tiong Bahru,GRC,3,Lim Lye Soon,WP,Workers' Party,23132,42.16,2,lost
1988,Tiong Bahru,GRC,3,Low Thia Khiang,WP,Workers' Party,23132,42.16,2,lost
1988,Tiong Bahru,GRC,3,Gopalan Nair,WP,Workers' Party,23132,42.16,2,lost
1988,Toa Payoh,GRC,3,Davinder Singh,PAP,People's Action Party,0,,1,won_uncontested
1988,Toa Payoh,GRC,3,Ho Tat Kin,PAP,People's Action Party,0,,1,won_uncontested
1988,Toa Payoh,GRC,3,Wong Kan Seng,PAP,People's Action Party,0,,1,won_uncontested
1988,Ulu Pandan,SMC,1,Dixie Tan-Lee Mo Chun,PAP,People's Action Party,14436,69.07,1,won
1988,Ulu Pandan,SMC,1,George Sita,SDP,Singapore Democratic Party,6466,30.93,2,lost
1988,Whampoa,SMC,1,Augustine Tan Hui Heng,PAP,People's Action Party,7522,59.47,1,won
1988,Whampoa,SMC,1,Ken Sunn,NSP,National Solidarity Party,5126,40.53,2,lost
1988,Yio Chu Kang,SMC,1,Lau Ping Sum,PAP,People's Action Party,10996,73.67,1,won
1988,Yio Chu Kang,SMC,1,Rasiah Thiagarajah,NSP,National Solidarity Party,3931,26.33,2,lost
1988,Yuhua,SMC,1,Foo Yee Shoon,PAP,People's Action Party,11497,62.96,1,won
1988,Yuhua,SMC,1,Toh Kim Kiat,SDP,Singapore Democratic Party,6765,37.04,2,lost
1991,Aljunied,GRC,4,Chin Harn Tong,PAP,People's Action Party,0,,1,won_uncontested
1991,Aljunied,GRC,4,Ker Sin Tze,PAP,People's Action Party,0,,1,won_uncontested
1991,Aljunied,GRC,4,Mohamad Maidin B P M,PAP,People's Action Party,0,,1,won_uncontested
1991,Aljunied,GRC,4,George Yong-Boon Yeo,PAP,People's Action Party,0,,1,won_uncontested
1991,Ang Mo Kio,GRC,4,Lau Ping Sum,PAP,People's Action Party,0,,1,won_uncontested
1991,Ang Mo Kio,GRC,4,Lee Hsien Loong,PAP,People's Action Party,0,,1,won_uncontested
1991,Ang Mo Kio,GRC,4,Umar Abdul Hamid,PAP,People's Action Party,0,,1,won_uncontested
1991,Ang Mo Kio,GRC,4,Yeo Toon Chia,PAP,People's Action Party,0,,1,won_uncontested
1991,Ayer Rajah,SMC,1,Tan Cheng Bock,PAP,People's Action Party,15038,75.16,1,won
1991,Ayer Rajah,SMC,1,Aziz Ibrahim,PKMS,Pertubuhan Kebangsaan Melayu Singapura,4971,24.84,2,lost
1991,Bedok,GRC,4,Abdullah Bin Tarmugi,PAP,People's Action Party,49109,61.98,1,won
1991,Bedok,GRC,4,Beng Kian Lam Arthur,PAP,People's Action Party,49109,61.98,1,won
1991,Bedok,GRC,4,S Jayakumar,PAP,People's Action Party,49109,61.98,1,won
1991,Bedok,GRC,4,Tan Soo Khoon,PAP,People's Action Party,49109,61.98,1,won
1991,Bedok,GRC,4,A Balakrishnan,WP,Workers' Party,30121,38.02,2,lost
1991,Bedok,GRC,4,Lim Chiu Liang J B,WP,Workers' Party,30121,38.02,2,lost
1991,Bedok,GRC,4,Sim Say Chuan,WP,Workers' Party,30121,38.02,2,lost
1991,Bedok,GRC,4,Tan Soo Phuan,WP,Workers' Party,30121,38.02,2,lost
1991,Boon Lay,SMC,1,Goh Chee Wee,PAP,People's Action Party,10106,73.27,1,won
1991,Boon Lay,SMC,1,Sahid Bin Sahooman,PKMS,Pertubuhan Kebangsaan Melayu Singapura,3686,26.73,2,lost
1991,Braddell Heights,SMC,1,Goh Choon Kang,PAP,People's Action Party,13454,52.27,1,won
1991,Braddell Heights,SMC,1,Sin Kek Tong,SDP,Singapore Democratic Party,12285,47.73,2,lost
1991,Brickworks,GRC,4,Ahmad Mattar,PAP,People's Action Party,0,,1,won_uncontested
1991,Brickworks,GRC,4,Chay Wai Chuen,PAP,People's Action Party,0,,1,won_uncontested
1991,Brickworks,GRC,4,Chen Tien Lap Bernard,PAP,People's Action Party,0,,1,won_uncontested
1991,Brickworks,GRC,4,Wan Soon Bee,PAP,People's Action Party,0,,1,won_uncontested
1991,Bukit Batok,SMC,1,Ong Chit Chung,PAP,People's Action Party,12205,51.82,1,won
1991,Bukit Batok,SMC,1,Kwan Yue Keng,SDP,Singapore Democratic Party,11347,48.18,2,lost
1991,Bukit Gombak,SMC,1,Ling How Doong,SDP,Singapore Democratic Party,12037,51.4,1,won
1991,Bukit Gombak,SMC,1,Seet Ai Mee,PAP,People's Action Party,11383,48.6,2,lost
1991,Bukit Merah,SMC,1,Ch'ng Jit Koon,PAP,People's Action Party,6878,61.94,1,won
1991,Bukit Merah,SMC,1,Gopalan Nair,WP,Workers' Party,4046,36.43,2,lost
1991,Bukit Merah,SMC,1,Patrick Leong Siew Choong,Independent,,181,1.63,3,lost_deposit
1991,Bukit Timah,SMC,1,Wang Kai Yuen,PAP,People's Action Party,16080,72.65,1,won
1991,Bukit Timah,SMC,1,Zeng Guoyuan,WP,Workers' Party,5683,25.68,2,lost
1991,Bukit Timah,SMC,1,Md Sani Jan,Independent,,371,1.68,3,lost_deposit
1991,Buona Vista,SMC,1,Peter Sung,PAP,People's Action Party,10481,79.42,1,won
1991,Buona Vista,SMC,1,A Karim Sattar,PKMS,Pertubuhan Kebangsaan Melayu Singapura,2716,20.58,2,lost
1991,Changi,SMC,1,Teo Chong Tee,PAP,People's Action Party,12292,53.0,1,won
1991,Changi,SMC,1,Tan Bin Seng,WP,Workers' Party,10901,47.0,2,lost
1991,Cheng San,GRC,4,Chandra Das S,PAP,People's Action Party,54963,64.05,1,won
1991,Cheng San,GRC,4,Heng Chiang Meng,PAP,People's Action Party,54963,64.05,1,won
1991,Cheng San,GRC,4,Lee Yock Suan,PAP,People's Action Party,54963,64.05,1,won
1991,Cheng San,GRC,4,Michael Lim Chun Leng,PAP,People's Action Party,54963,64.05,1,won
1991,Cheng San,GRC,4,Chng Chin Siah,NSP,National Solidarity Party,30849,35.95,2,lost
1991,Cheng San,GRC,4,Chng Wee Hong,NSP,National Solidarity Party,30849,35.95,2,lost
1991,Cheng San,GRC,4,De Gracias Gertrude Magdeline,NSP,National Solidarity Party,30849,35.95,2,lost
1991,Cheng San,GRC,4,Pok Lee Chuan,NSP,National Solidarity Party,30849,35.95,2,lost
1991,Chua Chu Kang,SMC,1,Low Seow Chay,PAP,People's Action Party,14489,68.44,1,won
1991,Chua Chu Kang,SMC,1,Kwek Guan Kwee,Independent,,5071,23.95,2,lost
1991,Chua Chu Kang,SMC,1,Harry W Baptist,Independent,,1611,7.61,3,lost_deposit
1991,Eunos,GRC,4,Chew Heng Ching,PAP,People's Action Party,45833,52.38,1,won
1991,Eunos,GRC,4,Charles Chong You Fook,PAP,People's Action Party,45833,52.38,1,won
1991,Eunos,GRC,4,Sidek B Saniff,PAP,People's Action Party,45833,52.38,1,won
1991,Eunos,GRC,4,Tay Eng Soon,PAP,People's Action Party,45833,52.38,1,won
1991,Eunos,GRC,4,Lee Siew-Choh,WP,Workers' Party,41673,47.62,2,lost
1991,Eunos,GRC,4,Mohamed Jufrie Mahmood,WP,Workers' Party,41673,47.62,2,lost
1991,Eunos,GRC,4,Neo Choon Aik,WP,Workers' Party,41673,47.62,2,lost
1991,Eunos,GRC,4,Wee Han Kim,WP,Workers' Party,41673,47.62,2,lost
1991,Hong Kah,GRC,4,Chen John,PAP,People's Action Party,0,,1,won_uncontested
1991,Hong Kah,GRC,4,Chen Koon Lap Kenneth,PAP,People's Action Party,0,,1,won_uncontested
1991,Hong Kah,GRC,4,Harun Bin A Ghani,PAP,People's Action Party,0,,1,won_uncontested
1991,Hong Kah,GRC,4,Yeo Cheow Tong,PAP,People's Action Party,0,,1,won_uncontested
1991,Hougang,SMC,1,Low Thia Khiang,WP,Workers' Party,10621,52.82,1,won
1991,Hougang,SMC,1,Tang Guan Seng,PAP,People's Action Party,9487,47.18,2,lost
1991,Jalan Besar,GRC,4,Choo Wee Khiang,PAP,People's Action Party,0,,1,won_uncontested
1991,Jalan Besar,GRC,4,Lee Boon Yang,PAP,People's Action Party,0,,1,won_uncontested
1991,Jalan Besar,GRC,4,Peh Chin Hua,PAP,People's Action Party,0,,1,won_uncontested
1991,Jalan Besar,GRC,4,Zulkifli Mohammed,PAP,People's Action Party,0,,1,won_uncontested
1991,Jurong,SMC,1,Ho Kah Leong,PAP,People's Action Party,18843,64.32,1,won
1991,Jurong,SMC,1,John Gan Eng Guan,WP,Workers' Party,8965,30.6,2,lost
1991,Jurong,SMC,1,Mohamed Bin Awang,PKMS,Pertubuhan Kebangsaan Melayu Singapura,1489,5.08,3,lost_deposit
1991,Kampong Glam,GRC,4,Loh Meng See,PAP,People's Action Party,0,,1,won_uncontested
1991,Kampong Glam,GRC,4,R Sinnakaruppan,PAP,People's Action Party,0,,1,won_uncontested
1991,Kampong Glam,GRC,4,Wong Kwei Cheong,PAP,People's Action Party,0,,1,won_uncontested
1991,Kampong Glam,GRC,4,Yeo Ning Hong,PAP,People's Action Party,0,,1,won_uncontested
1991,Kreta Ayer,SMC,1,Hu Tsu Tau,PAP,People's Action Party,0,,1,won_uncontested
1991,Leng Kee,SMC,1,Ow Chin Hock,PAP,People's Action Party,13331,76.57,1,won
1991,Leng Kee,SMC,1,G K Niddy,Independent,,4080,23.43,2,lost
1991,Marine Parade,GRC,4,Goh Chok Tong,PAP,People's Action Party,51685,77.25,1,won
1991,Marine Parade,GRC,4,Lim Chee Onn,PAP,People's Action Party,51685,77.25,1,won
1991,Marine Parade,GRC,4,Othman Haron Eusofe,PAP,People's Action Party,51685,77.25,1,won
1991,Marine Parade,GRC,4,Matthias Yao Chih,PAP,People's Action Party,51685,77.25,1,won
1991,Marine Parade,GRC,4,Aminuddin Bin Ami,JPS,Justice Party Singapore,15222,22.75,2,lost
1991,Marine Parade,GRC,4,Rajasekaran K S M,JPS,Justice Party Singapore,15222,22.75,2,lost
1991,Marine Parade,GRC,4,Suib Bin Abdul Rahman,JPS,Justice Party Singapore,15222,22.75,2,lost
1991,Marine Parade,GRC,4,Theng Chin Eng,JPS,Justice Party Singapore,15222,22.75,2,lost
1991,Mountbatten,SMC,1,Yap Giau Cheng Eugene,PAP,People's Action Party,11029,77.95,1,won
1991,Mountbatten,SMC,1,Yen Kim Khooi,Independent,,3119,22.05,2,lost
1991,Nee Soon Central,SMC,1,Cheo Chai Chen,SDP,Singapore Democratic Party,12709,50.33,1,won
1991,Nee Soon Central,SMC,1,Ng Pock Too,PAP,People's Action Party,12541,49.67,2,lost
1991,Nee Soon South,SMC,1,Koh Lip Lin,PAP,People's Action Party,13719,52.76,1,won
1991,Nee Soon South,SMC,1,Low Yong Nguan,SDP,Singapore Democratic Party,12284,47.24,2,lost
1991,Potong Pasir,SMC,1,Chiam See Tong,SDP,Singapore Democratic Party,12582,69.64,1,won
1991,Potong Pasir,SMC,1,Andy Gan Lai Chiang,PAP,People's Action Party,5486,30.36,2,lost
1991,Sembawang,GRC,4,Ho Peng Kee,PAP,People's Action Party,0,,1,won_uncontested
1991,Sembawang,GRC,4,K Shanmugam,PAP,People's Action Party,0,,1,won_uncontested
1991,Sembawang,GRC,4,Lee Yiok Seng,PAP,People's Action Party,0,,1,won_uncontested
1991,Sembawang,GRC,4,Tony Tan Keng Yam,PAP,People's Action Party,0,,1,won_uncontested
1991,Tampines,GRC,4,Chng Hee Kok,PAP,People's Action Party,38844,59.48,1,won
1991,Tampines,GRC,4,Mah Bow Tan,PAP,People's Action Party,38844,59.48,1,won
1991,Tampines,GRC,4,Aline Wong,PAP,People's Action Party,38844,59.48,1,won
1991,Tampines,GRC,4,Yatiman Yusof,PAP,People's Action Party,38844,59.48,1,won
1991,Tampines,GRC,4,Ong Seng Kwe,NSP,National Solidarity Party,26457,40.52,2,lost
1991,Tampines,GRC,4,Rasiah Thiagarajah,NSP,National Solidarity Party,26457,40.52,2,lost
1991,Tampines,GRC,4,Sarry B Hassan,NSP,National Solidarity Party,26457,40.52,2,lost
1991,Tampines,GRC,4,Ken Sunn,NSP,National Solidarity Party,26457,40.52,2,lost
1991,Tanglin,SMC,1,Lew Syn Pau,PAP,People's Action Party,9113,68.53,1,won
1991,Tanglin,SMC,1,Jimmy Tan Tiang Hoe,SDP,Singapore Democratic Party,4022,30.25,2,lost
1991,Tanglin,SMC,1,Gnaguru s/o Thamboo Mylvaganam,Independent,,163,1.23,3,lost_deposit
1991,Tanjong Pagar,GRC,4,Koo Tsai Kee,PAP,People's Action Party,0,,1,won_uncontested
1991,Tanjong Pagar,GRC,4,Lee Kuan Yew,PAP,People's Action Party,0,,1,won_uncontested
1991,Tanjong Pagar,GRC,4,Lim Hng Kiang,PAP,People's Action Party,0,,1,won_uncontested
1991,Tanjong Pagar,GRC,4,S Vasoo,PAP,People's Action Party,0,,1,won_uncontested
1991,Thomson,GRC,4,Ibrahim B Othman,PAP,People's Action Party,0,,1,won_uncontested
1991,Thomson,GRC,4,Lau Teik Soon,PAP,People's Action Party,0,,1,won_uncontested
1991,Thomson,GRC,4,Leong Horn Kee,PAP,People's Action Party,0,,1,won_uncontested
1991,Thomson,GRC,4,Wong Kan Seng,PAP,People's Action Party,0,,1,won_uncontested
1991,Toa Payoh,GRC,4,Davinder Singh,PAP,People's Action Party,0,,1,won_uncontested
1991,Toa Payoh,GRC,4,Ho Tat Kin,PAP,People's Action Party,0,,1,won_uncontested
1991,Toa Payoh,GRC,4,Ong Teng Cheong,PAP,People's Action Party,0,,1,won_uncontested
1991,Toa Payoh,GRC,4,S Dhanabalan,PAP,People's Action Party,0,,1,won_uncontested
1991,Ulu Pandan,SMC,1,Lim Boon Heng,PAP,People's Action Party,11426,56.41,1,won
1991,Ulu Pandan,SMC,1,Ashleigh Seow,SDP,Singapore Democratic Party,8828,43.59,2,lost
1991,Yuhua,SMC,1,Foo Yee Shoon,PAP,People's Action Party,9945,56.16,1,won
1991,Yuhua,SMC,1,Toh Kim Kiat,SDP,Singapore Democratic Party,7762,43.84,2,lost
1997,Aljunied,GRC,5,Ker Sin Tze,PAP,People's Action Party,64299,67.02,1,won
1997,Aljunied,GRC,5,Lim Tik En David,PAP,People's Action Party,64299,67.02,1,won
1997,Aljunied,GRC,5,Sidek B Saniff,PAP,People's Action Party,64299,67.02,1,won
1997,Aljunied,GRC,5,Toh See Kiat,PAP,People's Action Party,64299,67.02,1,won
1997,Aljunied,GRC,5,George Yong-Boon Yeo,PAP,People's Action Party,64299,67.02,1,won
1997,Aljunied,GRC,5,Aziz Ibrahim,SDP,Singapore Democratic Party,31645,32.98,2,lost
1997,Aljunied,GRC,5,Kwan Yue Keng,SDP,Singapore Democratic Party,31645,32.98,2,lost
1997,Aljunied,GRC,5,S. Kunalen,SDP,Singapore Democratic Party,31645,32.98,2,lost
1997,Aljunied,GRC,5,Tay Hoon,SDP,Singapore Democratic Party,31645,32.98,2,lost
1997,Aljunied,GRC,5,Wong Hong Toy,SDP,Singapore Democratic Party,31645,32.98,2,lost
1997,Ang Mo Kio,GRC,5,Lee Hsien Loong,PAP,People's Action Party,0,,1,won_uncontested
1997,Ang Mo Kio,GRC,5,Seng Han Thong,PAP,People's Action Party,0,,1,won_uncontested
1997,Ang Mo Kio,GRC,5,Inderjit Singh,PAP,People's Action Party,0,,1,won_uncontested
1997,Ang Mo Kio,GRC,5,Tan Boon Wan,PAP,People's Action Party,0,,1,won_uncontested
1997,Ang Mo Kio,GRC,5,Tang Guan Seng,PAP,People's Action Party,0,,1,won_uncontested
1997,Ayer Rajah,SMC,1,Tan Cheng Bock,PAP,People's Action Party,15081,73.17,1,won
1997,Ayer Rajah,SMC,1,Sin Kek Tong,SPP,Singapore People's Party,5531,26.83,2,lost
1997,Bishan-Toa Payoh,GRC,5,Ho Tat Kin,PAP,People's Action Party,0,,1,won_uncontested
1997,Bishan-Toa Payoh,GRC,5,Ibrahim Othman,PAP,People's Action Party,0,,1,won_uncontested
1997,Bishan-Toa Payoh,GRC,5,Leong Horn Kee,PAP,People's Action Party,0,,1,won_uncontested
1997,Bishan-Toa Payoh,GRC,5,Davinder Singh,PAP,People's Action Party,0,,1,won_uncontested
1997,Bishan-Toa Payoh,GRC,5,Wong Kan Seng,PAP,People's Action Party,0,,1,won_uncontested
1997,Boon Lay,SMC,1,Goh Chee Wee,PAP,People's Action Party,12407,66.1,1,won
1997,Boon Lay,SMC,1,Christopher Neo Ting Wei,NSP,National Solidarity Party,6362,33.9,2,lost
1997,Bukit Gombak,SMC,1,Ang Mong Seng,PAP,People's Action Party,15229,65.14,1,won
1997,Bukit Gombak,SMC,1,Ling How Doong,SDP,Singapore Democratic Party,6643,28.42,2,lost
1997,Bukit Gombak,SMC,1,Syed Farid Wajidi,SPP,Singapore People's Party,1506,6.44,3,lost_deposit
1997,Bukit Timah,GRC,5,Foo Yee Shoon,PAP,People's Action Party,0,,1,won_uncontested
1997,Bukit Timah,GRC,5,Lim Boon Heng,PAP,People's Action Party,0,,1,won_uncontested
1997,Bukit Timah,GRC,5,Ong Chit Chung,PAP,People's Action Party,0,,1,won_uncontested
1997,Bukit Timah,GRC,5,R. Ravindran,PAP,People's Action Party,0,,1,won_uncontested
1997,Bukit Timah,GRC,5,Wang Kai Yuen,PAP,People's Action Party,0,,1,won_uncontested
1997,Cheng San,GRC,5,Heng Chiang Meng,PAP,People's Action Party,53553,54.82,1,won
1997,Cheng San,GRC,5,Lee Yock Suan,PAP,People's Action Party,53553,54.82,1,won
1997,Cheng San,GRC,5,Michael Lim Chun Leng,PAP,People's Action Party,53553,54.82,1,won
1997,Cheng San,GRC,5,Yeo Guat Kwang,PAP,People's Action Party,53553,54.82,1,won
1997,Cheng San,GRC,5,Zainul Abidin Rasheed,PAP,People's Action Party,53553,54.82,1,won
1997,Cheng San,GRC,5,Abdul Rahim Bin Osman,WP,Workers' Party,44132,45.18,2,lost
1997,Cheng San,GRC,5,Huang Seow Kwang,WP,Workers' Party,44132,45.18,2,lost
1997,Cheng San,GRC,5,J B Jeyaretnam,WP,Workers' Party,44132,45.18,2,lost
1997,Cheng San,GRC,5,Tan Bin Seng,WP,Workers' Party,44132,45.18,2,lost
1997,Cheng San,GRC,5,Tang Liang Hong,WP,Workers' Party,44132,45.18,2,lost
1997,Chua Chu Kang,SMC,1,Low Seow Chay,PAP,People's Action Party,14141,61.92,1,won
1997,Chua Chu Kang,SMC,1,Yip Yew Weng,NSP,National Solidarity Party,5040,22.07,2,lost
1997,Chua Chu Kang,SMC,1,Chia Shi Teck,Independent,,3210,14.06,3,lost
1997,Chua Chu Kang,SMC,1,Tan Soo Phuan,DPP,Democratic Progressive Party,445,1.95,4,lost_deposit
1997,East Coast,GRC,6,Abdullah Tarmugi,PAP,People's Action Party,0,,1,won_uncontested
1997,East Coast,GRC,6,Chan Soo Sen,PAP,People's Action Party,0,,1,won_uncontested
1997,East Coast,GRC,6,Chew Heng Ching,PAP,People's Action Party,0,,1,won_uncontested
1997,East Coast,GRC,6,Chng Hee Kok,PAP,People's Action Party,0,,1,won_uncontested
1997,East Coast,GRC,6,S Jayakumar,PAP,People's Action Party,0,,1,won_uncontested
1997,East Coast,GRC,6,Tan Soo Khoon,PAP,People's Action Party,0,,1,won_uncontested
1997,Hong Kah,GRC,5,John Chen,PAP,People's Action Party,82182,69.0,1,won
1997,Hong Kah,GRC,5,Kenneth Chen Koon Lap,PAP,People's Action Party,82182,69.0,1,won
1997,Hong Kah,GRC,5,Peter Chen Min Liang,PAP,People's Action Party,82182,69.0,1,won
1997,Hong Kah,GRC,5,Harun Abdul Ghani,PAP,People's Action Party,82182,69.0,1,won
1997,Hong Kah,GRC,5,Yeo Cheow Tong,PAP,People's Action Party,82182,69.0,1,won
1997,Hong Kah,GRC,5,Steve Chia Kiah Hong,NSP,National Solidarity Party,36920,31.0,2,lost
1997,Hong Kah,GRC,5,Kee Chin Wah Patrick,NSP,National Solidarity Party,36920,31.0,2,lost
1997,Hong Kah,GRC,5,Tan Chee Kien,NSP,National Solidarity Party,36920,31.0,2,lost
1997,Hong Kah,GRC,5,Wong Wee Nam,NSP,National Solidarity Party,36920,31.0,2,lost
1997,Hong Kah,GRC,5,Yadzeth Bin Hairis,NSP,National Solidarity Party,36920,31.0,2,lost
1997,Hougang,SMC,1,Low Thia Khiang,WP,Workers' Party,13458,58.02,1,won
1997,Hougang,SMC,1,Heng Chee How,PAP,People's Action Party,9736,41.98,2,lost
1997,Jalan Besar,GRC,4,Choo Wee Khiang,PAP,People's Action Party,44840,67.55,1,won
1997,Jalan Besar,GRC,4,Lee Boon Yang,PAP,People's Action Party,44840,67.55,1,won
1997,Jalan Besar,GRC,4,Peh Chin Hua,PAP,People's Action Party,44840,67.55,1,won
1997,Jalan Besar,GRC,4,Yaacob Ibrahim,PAP,People's Action Party,44840,67.55,1,won
1997,Jalan Besar,GRC,4,David Chew,SDP,Singapore Democratic Party,21537,32.45,2,lost
1997,Jalan Besar,GRC,4,Gandhi Ambalam,SDP,Singapore Democratic Party,21537,32.45,2,lost
1997,Jalan Besar,GRC,4,Jufrie Mahmood,SDP,Singapore Democratic Party,21537,32.45,2,lost
1997,Jalan Besar,GRC,4,Low Yong Nguan,SDP,Singapore Democratic Party,21537,32.45,2,lost
1997,Kampong Glam,SMC,1,Loh Meng See,PAP,People's Action Party,13446,74.52,1,won
1997,Kampong Glam,SMC,1,Tan Lead Shake,DPP,Democratic Progressive Party,4598,25.48,2,lost
1997,Kreta Ayer - Tanglin,GRC,4,Hu Tsu Tau,PAP,People's Action Party,0,,1,won_uncontested
1997,Kreta Ayer - Tanglin,GRC,4,Lew Syn Pau,PAP,People's Action Party,0,,1,won_uncontested
1997,Kreta Ayer - Tanglin,GRC,4,Lily Neo,PAP,People's Action Party,0,,1,won_uncontested
1997,Kreta Ayer - Tanglin,GRC,4,R Sinnakaruppan,PAP,People's Action Party,0,,1,won_uncontested
1997,MacPherson,SMC,1,Matthias Yao Chih,PAP,People's Action Party,12546,65.14,1,won
1997,MacPherson,SMC,1,Chee Soon Juan,SDP,Singapore Democratic Party,6713,34.86,2,lost
1997,Marine Parade,GRC,6,Goh Chok Tong,PAP,People's Action Party,0,,1,won_uncontested
1997,Marine Parade,GRC,6,Goh Choon Kang,PAP,People's Action Party,0,,1,won_uncontested
1997,Marine Parade,GRC,6,Lim Hwee Hua,PAP,People's Action Party,0,,1,won_uncontested
1997,Marine Parade,GRC,6,Mohamad Maidin B P M,PAP,People's Action Party,0,,1,won_uncontested
1997,Marine Parade,GRC,6,Othman Haron Eusofe,PAP,People's Action Party,0,,1,won_uncontested
1997,Marine Parade,GRC,6,Yap Giau Cheng Eugene,PAP,People's Action Party,0,,1,won_uncontested
1997,Nee Soon Central,SMC,1,Ong Ah Heng,PAP,People's Action Party,15214,61.33,1,won
1997,Nee Soon Central,SMC,1,Cheo Chai Chen,SDP,Singapore Democratic Party,9591,38.67,2,lost
1997,Pasir Ris,GRC,4,Ahmad Bin Mohamed Magad,PAP,People's Action Party,56907,70.86,1,won
1997,Pasir Ris,GRC,4,Chong You Fook Charles,PAP,People's Action Party,56907,70.86,1,won
1997,Pasir Ris,GRC,4,Ong Kian Min,PAP,People's Action Party,56907,70.86,1,won
1997,Pasir Ris,GRC,4,Teo Chee Hean,PAP,People's Action Party,56907,70.86,1,won
1997,Pasir Ris,GRC,4,A. Balakrishnan,WP,Workers' Party,23404,29.14,2,lost
1997,Pasir Ris,GRC,4,A. Rahim,WP,Workers' Party,23404,29.14,2,lost
1997,Pasir Ris,GRC,4,Lim Chiu Liang,WP,Workers' Party,23404,29.14,2,lost
1997,Pasir Ris,GRC,4,Sim Say Chuan,WP,Workers' Party,23404,29.14,2,lost
1997,Potong Pasir,SMC,1,Chiam See Tong,SPP,Singapore People's Party,9709,55.15,1,won
1997,Potong Pasir,SMC,1,Gan Lai Chiang,PAP,People's Action Party,7895,44.85,2,lost
1997,Sembawang,GRC,6,Chin Tet Yung,PAP,People's Action Party,0,,1,won_uncontested
1997,Sembawang,GRC,6,Hawazi Daipi,PAP,People's Action Party,0,,1,won_uncontested
1997,Sembawang,GRC,6,Ho Peng Kee,PAP,People's Action Party,0,,1,won_uncontested
1997,Sembawang,GRC,6,K Shanmugam,PAP,People's Action Party,0,,1,won_uncontested
1997,Sembawang,GRC,6,Tony Tan Keng Yam,PAP,People's Action Party,0,,1,won_uncontested
1997,Sembawang,GRC,6,Teo Ho Pin,PAP,People's Action Party,0,,1,won_uncontested
1997,Tampines,GRC,4,Aline Wong,PAP,People's Action Party,0,,1,won_uncontested
1997,Tampines,GRC,4,Mah Bow Tan,PAP,People's Action Party,0,,1,won_uncontested
1997,Tampines,GRC,4,Sin Boon Ann,PAP,People's Action Party,0,,1,won_uncontested
1997,Tampines,GRC,4,Yatiman Yusof,PAP,People's Action Party,0,,1,won_uncontested
1997,Tanjong Pagar,GRC,6,Chay Wai Chuen,PAP,People's Action Party,0,,1,won_uncontested
1997,Tanjong Pagar,GRC,6,Koo Tsai Kee,PAP,People's Action Party,0,,1,won_uncontested
1997,Tanjong Pagar,GRC,6,Lee Kuan Yew,PAP,People's Action Party,0,,1,won_uncontested
1997,Tanjong Pagar,GRC,6,Lim Swee Say,PAP,People's Action Party,0,,1,won_uncontested
1997,Tanjong Pagar,GRC,6,Ow Chin Hock,PAP,People's Action Party,0,,1,won_uncontested
1997,Tanjong Pagar,GRC,6,S Vasoo,PAP,People's Action Party,0,,1,won_uncontested
1997,West Coast,GRC,4,Chen Tien Lap Bernard,PAP,People's Action Party,48275,70.14,1,won
1997,West Coast,GRC,4,Lim Hng Kiang,PAP,People's Action Party,48275,70.14,1,won
1997,West Coast,GRC,4,S Iswaran,PAP,People's Action Party,48275,70.14,1,won
1997,West Coast,GRC,4,Wan Soon Bee,PAP,People's Action Party,48275,70.14,1,won
1997,West Coast,GRC,4,Mike Chan,WP,Workers' Party,20550,29.86,2,lost
1997,West Coast,GRC,4,D'Cruz Anthony,WP,Workers' Party,20550,29.86,2,lost
1997,West Coast,GRC,4,John Gan Eng Guan,WP,Workers' Party,20550,29.86,2,lost
1997,West Coast,GRC,4,Ng Teck Siong,WP,Workers' Party,20550,29.86,2,lost
2001,Aljunied,GRC,5,Ong Seh Hong,PAP,People's Action Party,0,,1,won_uncontested
2001,Aljunied,GRC,5,Phua Cynthia,PAP,People's Action Party,0,,1,won_uncontested
2001,Aljunied,GRC,5,Yeo Guat Kwang,PAP,People's Action Party,0,,1,won_uncontested
2001,Aljunied,GRC,5,George Yong-Boon Yeo,PAP,People's Action Party,0,,1,won_uncontested
2001,Aljunied,GRC,5,Zainul Abidin Rasheed,PAP,People's Action Party,0,,1,won_uncontested
2001,Ang Mo Kio,GRC,6,Inderjit Singh,PAP,People's Action Party,0,,1,won_uncontested
2001,Ang Mo Kio,GRC,6,Lee Hsien Loong,PAP,People's Action Party,0,,1,won_uncontested
2001,Ang Mo Kio,GRC,6,Sadasivan Balaji,PAP,People's Action Party,0,,1,won_uncontested
2001,Ang Mo Kio,GRC,6,Seng Han Thong,PAP,People's Action Party,0,,1,won_uncontested
2001,Ang Mo Kio,GRC,6,Tan Boon Wan,PAP,People's Action Party,0,,1,won_uncontested
2001,Ang Mo Kio,GRC,6,Wee Siew Kim,PAP,People's Action Party,0,,1,won_uncontested
2001,Ayer Rajah,SMC,1,Tan Cheng Bock,PAP,People's Action Party,15024,87.96,1,won
2001,Ayer Rajah,SMC,1,Tan Lead Shake,DPP,Democratic Progressive Party,2057,12.04,2,lost_deposit
2001,Bishan-Toa Payoh,GRC,5,Davinder Singh,PAP,People's Action Party,0,,1,won_uncontested
2001,Bishan-Toa Payoh,GRC,5,Leong Horn Kee,PAP,People's Action Party,0,,1,won_uncontested
2001,Bishan-Toa Payoh,GRC,5,Ng Eng Hen,PAP,People's Action Party,0,,1,won_uncontested
2001,Bishan-Toa Payoh,GRC,5,Wong Kan Seng,PAP,People's Action Party,0,,1,won_uncontested
2001,Bishan-Toa Payoh,GRC,5,Zainudin Nordin,PAP,People's Action Party,0,,1,won_uncontested
2001,Bukit Timah,SMC,1,Wang Kai Yuen,PAP,People's Action Party,19121,77.38,1,won
2001,Bukit Timah,SMC,1,Tong Meng Chye,SDA,Singapore Democratic Alliance,4376,17.71,2,lost
2001,Bukit Timah,SMC,1,Tan Kim Chuang,Independent,,1215,4.92,3,lost_deposit
2001,Chua Chu Kang,SMC,1,Low Seow Chay,PAP,People's Action Party,15349,65.34,1,won
2001,Chua Chu Kang,SMC,1,Steve Chia,SDA,Singapore Democratic Alliance,8143,34.66,2,lost
2001,East Coast,GRC,6,Abdullah Tarmugi,PAP,People's Action Party,0,,1,won_uncontested
2001,East Coast,GRC,6,Chew Heng Ching,PAP,People's Action Party,0,,1,won_uncontested
2001,East Coast,GRC,6,Lee Yock Suan,PAP,People's Action Party,0,,1,won_uncontested
2001,East Coast,GRC,6,Lim Siang Keat Raymond,PAP,People's Action Party,0,,1,won_uncontested
2001,East Coast,GRC,6,S Jayakumar,PAP,People's Action Party,0,,1,won_uncontested
2001,East Coast,GRC,6,Tan Soo Khoon,PAP,People's Action Party,0,,1,won_uncontested
2001,Holland-Bukit Timah,GRC,5,Gan Kim Yong,PAP,People's Action Party,0,,1,won_uncontested
2001,Holland-Bukit Timah,GRC,5,Lim Swee Say,PAP,People's Action Party,0,,1,won_uncontested
2001,Holland-Bukit Timah,GRC,5,David Lim Tik En,PAP,People's Action Party,0,,1,won_uncontested
2001,Holland-Bukit Timah,GRC,5,Teo Ho Pin,PAP,People's Action Party,0,,1,won_uncontested
2001,Holland-Bukit Timah,GRC,5,Vivian Balakrishnan,PAP,People's Action Party,0,,1,won_uncontested
2001,Hong Kah,GRC,5,Ahmad Khalis Abdul Ghani,PAP,People's Action Party,96450,79.74,1,won
2001,Hong Kah,GRC,5,Ang Mong Seng,PAP,People's Action Party,96450,79.74,1,won
2001,Hong Kah,GRC,5,John Chen,PAP,People's Action Party,96450,79.74,1,won
2001,Hong Kah,GRC,5,Amy Khor Lean Suan,PAP,People's Action Party,96450,79.74,1,won
2001,Hong Kah,GRC,5,Yeo Cheow Tong,PAP,People's Action Party,96450,79.74,1,won
2001,Hong Kah,GRC,5,Cheo Chai Chen,SDP,Singapore Democratic Party,24513,20.26,2,lost
2001,Hong Kah,GRC,5,Lim Boon Heng,SDP,Singapore Democratic Party,24513,20.26,2,lost
2001,Hong Kah,GRC,5,Lim Tung Hee,SDP,Singapore Democratic Party,24513,20.26,2,lost
2001,Hong Kah,GRC,5,Sarry Bin Hassan,SDP,Singapore Democratic Party,24513,20.26,2,lost
2001,Hong Kah,GRC,5,Wong Hong Toy,SDP,Singapore Democratic Party,24513,20.26,2,lost
2001,Hougang,SMC,1,Low Thia Khiang,WP,Workers' Party,12070,54.98,1,won
2001,Hougang,SMC,1,Eric Low Siak Meng,PAP,People's Action Party,9882,45.02,2,lost
2001,Jalan Besar,GRC,5,Heng Chee How,PAP,People's Action Party,68309,74.49,1,won
2001,Jalan Besar,GRC,5,Lee Boon Yang,PAP,People's Action Party,68309,74.49,1,won
2001,Jalan Besar,GRC,5,Loh Meng See,PAP,People's Action Party,68309,74.49,1,won
2001,Jalan Besar,GRC,5,Lily Tirtasana Neo,PAP,People's Action Party,68309,74.49,1,won
2001,Jalan Besar,GRC,5,Yaacob Bin Ibrahim,PAP,People's Action Party,68309,74.49,1,won
2001,Jalan Besar,GRC,5,Fong Chin Leong,SDA,Singapore Democratic Alliance,23391,25.51,2,lost
2001,Jalan Besar,GRC,5,Lim Bak Chuan,SDA,Singapore Democratic Alliance,23391,25.51,2,lost
2001,Jalan Besar,GRC,5,Mohd Rahizan Bin Ya'acob,SDA,Singapore Democratic Alliance,23391,25.51,2,lost
2001,Jalan Besar,GRC,5,Ng Kee How,SDA,Singapore Democratic Alliance,23391,25.51,2,lost
2001,Jalan Besar,GRC,5,Sin Kek Tong,SDA,Singapore Democratic Alliance,23391,25.51,2,lost
2001,Joo Chiat,SMC,1,Chan Soo Sen,PAP,People's Action Party,15426,83.55,1,won
2001,Joo Chiat,SMC,1,Ooi Boon Ewe,Independent,,3038,16.45,2,lost
2001,Jurong,GRC,5,Foo Yee Shoon,PAP,People's Action Party,84742,79.75,1,won
2001,Jurong,GRC,5,Halimah Bt Yacob,PAP,People's Action Party,84742,79.75,1,won
2001,Jurong,GRC,5,Lim Boon Heng,PAP,People's Action Party,84742,79.75,1,won
2001,Jurong,GRC,5,Ong Chit Chung,PAP,People's Action Party,84742,79.75,1,won
2001,Jurong,GRC,5,Shanmugaratnam Tharman,PAP,People's Action Party,84742,79.75,1,won
2001,Jurong,GRC,5,Chee Siok Chin,SDP,Singapore Democratic Party,21511,20.25,2,lost
2001,Jurong,GRC,5,Chee Soon Juan,SDP,Singapore Democratic Party,21511,20.25,2,lost
2001,Jurong,GRC,5,Ghandi s/o Karuppiah Ambalam,SDP,Singapore Democratic Party,21511,20.25,2,lost
2001,Jurong,GRC,5,Mohamed Isa Bin Abdul Aziz,SDP,Singapore Democratic Party,21511,20.25,2,lost
2001,Jurong,GRC,5,Yeo Boon Keng Vincent,SDP,Singapore Democratic Party,21511,20.25,2,lost
2001,MacPherson,SMC,1,Matthias Yao Chih,PAP,People's Action Party,16870,83.73,1,won
2001,MacPherson,SMC,1,Tan Soo Phuan,DPP,Democratic Progressive Party,3277,16.27,2,lost
2001,Marine Parade,GRC,6,Gan Lai Chiang,PAP,People's Action Party,0,,1,won_uncontested
2001,Marine Parade,GRC,6,Goh Chok Tong,PAP,People's Action Party,0,,1,won_uncontested
2001,Marine Parade,GRC,6,Mohamad Maidin B P M,PAP,People's Action Party,0,,1,won_uncontested
2001,Marine Parade,GRC,6,Othman Haron Eusofe,PAP,People's Action Party,0,,1,won_uncontested
2001,Marine Parade,GRC,6,R Ravindran,PAP,People's Action Party,0,,1,won_uncontested
2001,Marine Parade,GRC,6,Tan Hwee Hua @ Lim Hwee Hua,PAP,People's Action Party,0,,1,won_uncontested
2001,Nee Soon Central,SMC,1,Ong Ah Heng,PAP,People's Action Party,16755,78.52,1,won
2001,Nee Soon Central,SMC,1,Ling How Doong,SDP,Singapore Democratic Party,4583,21.48,2,lost
2001,Nee Soon East,SMC,1,Ho Peng Kee,PAP,People's Action Party,19566,73.68,1,won
2001,Nee Soon East,SMC,1,Poh Lee Guan,WP,Workers' Party,6990,26.32,2,lost
2001,Pasir Ris-Punggol,GRC,5,Ahmad Magad,PAP,People's Action Party,0,,1,won_uncontested
2001,Pasir Ris-Punggol,GRC,5,Charles Chong,PAP,People's Action Party,0,,1,won_uncontested
2001,Pasir Ris-Punggol,GRC,5,Michael Lim,PAP,People's Action Party,0,,1,won_uncontested
2001,Pasir Ris-Punggol,GRC,5,Penny Low,PAP,People's Action Party,0,,1,won_uncontested
2001,Pasir Ris-Punggol,GRC,5,Teo Chee Hean,PAP,People's Action Party,0,,1,won_uncontested
2001,Potong Pasir,SMC,1,Chiam See Tong,SDA,Singapore Democratic Alliance,8107,52.43,1,won
2001,Potong Pasir,SMC,1,Sitoh Yih Pin,PAP,People's Action Party,7356,47.57,2,lost
2001,Sembawang,GRC,6,Chin Tet Yung,PAP,People's Action Party,0,,1,won_uncontested
2001,Sembawang,GRC,6,Hawazi B Daipi,PAP,People's Action Party,0,,1,won_uncontested
2001,Sembawang,GRC,6,Kasiviswanathan Shanmugam,PAP,People's Action Party,0,,1,won_uncontested
2001,Sembawang,GRC,6,Lee Wei Rhen Warren,PAP,People's Action Party,0,,1,won_uncontested
2001,Sembawang,GRC,6,Mohd Maliki B Osman,PAP,People's Action Party,0,,1,won_uncontested
2001,Sembawang,GRC,6,Tony Tan Keng Yam,PAP,People's Action Party,0,,1,won_uncontested
2001,Tampines,GRC,5,Mah Bow Tan,PAP,People's Action Party,85915,73.34,1,won
2001,Tampines,GRC,5,Ng Phek Hoong Irene,PAP,People's Action Party,85915,73.34,1,won
2001,Tampines,GRC,5,Ong Kian Min,PAP,People's Action Party,85915,73.34,1,won
2001,Tampines,GRC,5,Sin Boon Ann,PAP,People's Action Party,85915,73.34,1,won
2001,Tampines,GRC,5,Yatiman B Yusof,PAP,People's Action Party,85915,73.34,1,won
2001,Tampines,GRC,5,Abdul Rahim Bin Osman,SDA,Singapore Democratic Alliance,31231,26.66,2,lost
2001,Tampines,GRC,5,Foo Kok Wah,SDA,Singapore Democratic Alliance,31231,26.66,2,lost
2001,Tampines,GRC,5,Neo Ting Wei,SDA,Singapore Democratic Alliance,31231,26.66,2,lost
2001,Tampines,GRC,5,Sebastian Teo K H,SDA,Singapore Democratic Alliance,31231,26.66,2,lost
2001,Tampines,GRC,5,Yip Yew Weng,SDA,Singapore Democratic Alliance,31231,26.66,2,lost
2001,Tanjong Pagar,GRC,6,Chay Wai Chuen,PAP,People's Action Party,0,,1,won_uncontested
2001,Tanjong Pagar,GRC,6,Chong Weng Chiew,PAP,People's Action Party,0,,1,won_uncontested
2001,Tanjong Pagar,GRC,6,Indranee Thurai Rajah,PAP,People's Action Party,0,,1,won_uncontested
2001,Tanjong Pagar,GRC,6,Khaw Boon Wan,PAP,People's Action Party,0,,1,won_uncontested
2001,Tanjong Pagar,GRC,6,Koo Tsai Kee,PAP,People's Action Party,0,,1,won_uncontested
2001,Tanjong Pagar,GRC,6,Lee Kuan Yew,PAP,People's Action Party,0,,1,won_uncontested
2001,West Coast,GRC,5,Fong Jen Arthur,PAP,People's Action Party,0,,1,won_uncontested
2001,West Coast,GRC,5,Foo Chee Keng Cedric,PAP,People's Action Party,0,,1,won_uncontested
2001,West Coast,GRC,5,Ho Geok Choo Madeleine,PAP,People's Action Party,0,,1,won_uncontested
2001,West Coast,GRC,5,Lim Hng Kiang,PAP,People's Action Party,0,,1,won_uncontested
2001,West Coast,GRC,5,S Iswaran,PAP,People's Action Party,0,,1,won_uncontested
2006,Aljunied,GRC,5,Lim Hwee Hua,PAP,People's Action Party,74843,56.09,1,won
2006,Aljunied,GRC,5,Cynthia Phua,PAP,People's Action Party,74843,56.09,1,won
2006,Aljunied,GRC,5,Yeo Guat Kwang,PAP,People's Action Party,74843,56.09,1,won
2006,Aljunied,GRC,5,George Yong-Boon Yeo,PAP,People's Action Party,74843,56.09,1,won
2006,Aljunied,GRC,5,Zainul Abidin Rasheed,PAP,People's Action Party,74843,56.09,1,won
2006,Aljunied,GRC,5,Goh Meng Seng,WP,Workers' Party,58593,43.91,2,lost
2006,Aljunied,GRC,5,James Gomez,WP,Workers' Party,58593,43.91,2,lost
2006,Aljunied,GRC,5,Lim Swee Lian Sylvia,WP,Workers' Party,58593,43.91,2,lost
2006,Aljunied,GRC,5,Mohd Rahizan Bin Yaacob,WP,Workers' Party,58593,43.91,2,lost
2006,Aljunied,GRC,5,Tan Wui-Hua,WP,Workers' Party,58593,43.91,2,lost
2006,Ang Mo Kio,GRC,6,Inderjit Singh,PAP,People's Action Party,96636,66.14,1,won
2006,Ang Mo Kio,GRC,6,Lam Pin Min,PAP,People's Action Party,96636,66.14,1,won
2006,Ang Mo Kio,GRC,6,Lee Bee Wah,PAP,People's Action Party,96636,66.14,1,won
2006,Ang Mo Kio,GRC,6,Lee Hsien Loong,PAP,People's Action Party,96636,66.14,1,won
2006,Ang Mo Kio,GRC,6,Sadasivan Balaji,PAP,People's Action Party,96636,66.14,1,won
2006,Ang Mo Kio,GRC,6,Wee Siew Kim,PAP,People's Action Party,96636,66.14,1,won
2006,Ang Mo Kio,GRC,6,Abdul Salim Bin Harun,WP,Workers' Party,49479,33.86,2,lost
2006,Ang Mo Kio,GRC,6,Gopal Krishnan,WP,Workers' Party,49479,33.86,2,lost
2006,Ang Mo Kio,GRC,6,Han Su May,WP,Workers' Party,49479,33.86,2,lost
2006,Ang Mo Kio,GRC,6,Lee Wai Leng,WP,Workers' Party,49479,33.86,2,lost
2006,Ang Mo Kio,GRC,6,Tan Kian Hwee Melvin,WP,Workers' Party,49479,33.86,2,lost
2006,Ang Mo Kio,GRC,6,Yaw Shin Leong,WP,Workers' Party,49479,33.86,2,lost
2006,Bishan-Toa Payoh,GRC,5,Hri Kumar Sangaran,PAP,People's Action Party,0,,1,won_uncontested
2006,Bishan-Toa Payoh,GRC,5,Ng Eng Hen,PAP,People's Action Party,0,,1,won_uncontested
2006,Bishan-Toa Payoh,GRC,5,Josephine Teo,PAP,People's Action Party,0,,1,won_uncontested
2006,Bishan-Toa Payoh,GRC,5,Wong Kan Seng,PAP,People's Action Party,0,,1,won_uncontested
2006,Bishan-Toa Payoh,GRC,5,Zainudin Bin Nordin,PAP,People's Action Party,0,,1,won_uncontested
2006,Bukit Panjang,SMC,1,Teo Ho Pin,PAP,People's Action Party,21652,77.19,1,won
2006,Bukit Panjang,SMC,1,Ling How Doong,SDP,Singapore Democratic Party,6400,22.81,2,lost
2006,Chua Chu Kang,SMC,1,Gan Kim Yong,PAP,People's Action Party,14156,60.37,1,won
2006,Chua Chu Kang,SMC,1,Steve Chia,SDA,Singapore Democratic Alliance,9292,39.63,2,lost
2006,East Coast,GRC,5,Abdullah Tarmugi,PAP,People's Action Party,66931,63.86,1,won
2006,East Coast,GRC,5,Lee Yi Shyan,PAP,People's Action Party,66931,63.86,1,won
2006,East Coast,GRC,5,Lim Siang Keat Raymond,PAP,People's Action Party,66931,63.86,1,won
2006,East Coast,GRC,5,S Jayakumar,PAP,People's Action Party,66931,63.86,1,won
2006,East Coast,GRC,5,Tan Soon Neo Jessica,PAP,People's Action Party,66931,63.86,1,won
2006,East Coast,GRC,5,Abdul Rahim,WP,Workers' Party,37873,36.14,2,lost
2006,East Coast,GRC,5,Chia Ti Lik,WP,Workers' Party,37873,36.14,2,lost
2006,East Coast,GRC,5,Brandon Siow,WP,Workers' Party,37873,36.14,2,lost
2006,East Coast,GRC,5,Eric Tan,WP,Workers' Party,37873,36.14,2,lost
2006,East Coast,GRC,5,Perry Tong,WP,Workers' Party,37873,36.14,2,lost
2006,Holland-Bukit Timah,GRC,5,Christopher De Souza,PAP,People's Action Party,0,,1,won_uncontested
2006,Holland-Bukit Timah,GRC,5,Foo Yee Shoon,PAP,People's Action Party,0,,1,won_uncontested
2006,Holland-Bukit Timah,GRC,5,Liang Eng Hwa,PAP,People's Action Party,0,,1,won_uncontested
2006,Holland-Bukit Timah,GRC,5,Lim Swee Say,PAP,People's Action Party,0,,1,won_uncontested
2006,Holland-Bukit Timah,GRC,5,Vivian Balakrishnan,PAP,People's Action Party,0,,1,won_uncontested
2006,Hong Kah,GRC,5,Ang Mong Seng,PAP,People's Action Party,0,,1,won_uncontested
2006,Hong Kah,GRC,5,Khor Lean Suan Amy,PAP,People's Action Party,0,,1,won_uncontested
2006,Hong Kah,GRC,5,Yeo Cheow Tong,PAP,People's Action Party,0,,1,won_uncontested
2006,Hong Kah,GRC,5,Yeo Khirn Hai Alvin,PAP,People's Action Party,0,,1,won_uncontested
2006,Hong Kah,GRC,5,Zaqy B Mohamad,PAP,People's Action Party,0,,1,won_uncontested
2006,Hougang,SMC,1,Low Thia Khiang,WP,Workers' Party,13989,62.74,1,won
2006,Hougang,SMC,1,Eric Low Siak Meng,PAP,People's Action Party,8308,37.26,2,lost
2006,Jalan Besar,GRC,5,Heng Chee How,PAP,People's Action Party,58913,69.26,1,won
2006,Jalan Besar,GRC,5,Lee Boon Yang,PAP,People's Action Party,58913,69.26,1,won
2006,Jalan Besar,GRC,5,Lily Neo,PAP,People's Action Party,58913,69.26,1,won
2006,Jalan Besar,GRC,5,Phua Lay Peng Denise,PAP,People's Action Party,58913,69.26,1,won
2006,Jalan Besar,GRC,5,Yaacob Ibrahim,PAP,People's Action Party,58913,69.26,1,won
2006,Jalan Besar,GRC,5,Cheo Chai Chen,SDA,Singapore Democratic Alliance,26151,30.74,2,lost
2006,Jalan Besar,GRC,5,Fong Chin Leong,SDA,Singapore Democratic Alliance,26151,30.74,2,lost
2006,Jalan Besar,GRC,5,Muhamad Ali Aman,SDA,Singapore Democratic Alliance,26151,30.74,2,lost
2006,Jalan Besar,GRC,5,Teo Kway Huang Sebastian,SDA,Singapore Democratic Alliance,26151,30.74,2,lost
2006,Jalan Besar,GRC,5,Yeo Boon Keng Vincent,SDA,Singapore Democratic Alliance,26151,30.74,2,lost
2006,Joo Chiat,SMC,1,Chan Soo Sen,PAP,People's Action Party,12226,65.01,1,won
2006,Joo Chiat,SMC,1,Tan Bin Seng,WP,Workers' Party,6580,34.99,2,lost
2006,Jurong,GRC,5,Fu Hai Yien Grace,PAP,People's Action Party,0,,1,won_uncontested
2006,Jurong,GRC,5,Halimah Binte Yacob,PAP,People's Action Party,0,,1,won_uncontested
2006,Jurong,GRC,5,Lim Boon Heng,PAP,People's Action Party,0,,1,won_uncontested
2006,Jurong,GRC,5,Ong Chit Chung,PAP,People's Action Party,0,,1,won_uncontested
2006,Jurong,GRC,5,Tharman Shanmugaratnam,PAP,People's Action Party,0,,1,won_uncontested
2006,MacPherson,SMC,1,Matthias Yao Chih,PAP,People's Action Party,13184,68.48,1,won
2006,MacPherson,SMC,1,Sin Kek Tong,SDA,Singapore Democratic Alliance,6067,31.52,2,lost
2006,Marine Parade,GRC,6,Fatimah Binte Abdul Lateef,PAP,People's Action Party,0,,1,won_uncontested
2006,Marine Parade,GRC,6,Goh Chok Tong,PAP,People's Action Party,0,,1,won_uncontested
2006,Marine Parade,GRC,6,Lim Biow Chuan,PAP,People's Action Party,0,,1,won_uncontested
2006,Marine Parade,GRC,6,Muhammad Faishal bin Ibrahim Khan Surattee,PAP,People's Action Party,0,,1,won_uncontested
2006,Marine Parade,GRC,6,Ong Seh Hong,PAP,People's Action Party,0,,1,won_uncontested
2006,Marine Parade,GRC,6,Seah Kian Peng,PAP,People's Action Party,0,,1,won_uncontested
2006,Nee Soon Central,SMC,1,Ong Ah Heng,PAP,People's Action Party,14211,65.37,1,won
2006,Nee Soon Central,SMC,1,Lian Chin Way,WP,Workers' Party,7529,34.63,2,lost
2006,Nee Soon East,SMC,1,Ho Peng Kee,PAP,People's Action Party,20949,68.72,1,won
2006,Nee Soon East,SMC,1,Poh Lee Guan,WP,Workers' Party,9535,31.28,2,lost
2006,Pasir Ris-Punggol,GRC,6,Ahmad Magad,PAP,People's Action Party,113322,68.7,1,won
2006,Pasir Ris-Punggol,GRC,6,Chong You Fook Charles,PAP,People's Action Party,113322,68.7,1,won
2006,Pasir Ris-Punggol,GRC,6,Low Penny,PAP,People's Action Party,113322,68.7,1,won
2006,Pasir Ris-Punggol,GRC,6,Michael Palmer,PAP,People's Action Party,113322,68.7,1,won
2006,Pasir Ris-Punggol,GRC,6,Teo Chee Hean,PAP,People's Action Party,113322,68.7,1,won
2006,Pasir Ris-Punggol,GRC,6,Teo Ser Luck,PAP,People's Action Party,113322,68.7,1,won
2006,Pasir Ris-Punggol,GRC,6,Ishak Haroun,SDA,Singapore Democratic Alliance,51618,31.3,2,lost
2006,Pasir Ris-Punggol,GRC,6,Lee Hock Huat,SDA,Singapore Democratic Alliance,51618,31.3,2,lost
2006,Pasir Ris-Punggol,GRC,6,Lim Bak Chuan,SDA,Singapore Democratic Alliance,51618,31.3,2,lost
2006,Pasir Ris-Punggol,GRC,6,Mohd Hamim Aliyas,SDA,Singapore Democratic Alliance,51618,31.3,2,lost
2006,Pasir Ris-Punggol,GRC,6,Ong Beng Soon Elvin,SDA,Singapore Democratic Alliance,51618,31.3,2,lost
2006,Pasir Ris-Punggol,GRC,6,Yen Kim Khooi,SDA,Singapore Democratic Alliance,51618,31.3,2,lost
2006,Potong Pasir,SMC,1,Chiam See Tong,SDA,Singapore Democratic Alliance,8245,55.82,1,won
2006,Potong Pasir,SMC,1,Sitoh Yih Pin,PAP,People's Action Party,6527,44.18,2,lost
2006,Sembawang,GRC,6,Hawazi Daipi,PAP,People's Action Party,130170,76.7,1,won
2006,Sembawang,GRC,6,Khaw Boon Wan,PAP,People's Action Party,130170,76.7,1,won
2006,Sembawang,GRC,6,Ellen Lee Geck Hoon,PAP,People's Action Party,130170,76.7,1,won
2006,Sembawang,GRC,6,Lim Wee Kiak,PAP,People's Action Party,130170,76.7,1,won
2006,Sembawang,GRC,6,Mohd Maliki Osman,PAP,People's Action Party,130170,76.7,1,won
2006,Sembawang,GRC,6,Shanmugam K,PAP,People's Action Party,130170,76.7,1,won
2006,Sembawang,GRC,6,Chee Siok Chin,SDP,Singapore Democratic Party,39537,23.3,2,lost
2006,Sembawang,GRC,6,Mohamed Isa Bin Abdul Aziz,SDP,Singapore Democratic Party,39537,23.3,2,lost
2006,Sembawang,GRC,6,Narayanasamy Gogelavany,SDP,Singapore Democratic Party,39537,23.3,2,lost
2006,Sembawang,GRC,6,Neo Ting Wei Christopher,SDP,Singapore Democratic Party,39537,23.3,2,lost
2006,Sembawang,GRC,6,Sng Choon Guan,SDP,Singapore Democratic Party,39537,23.3,2,lost
2006,Sembawang,GRC,6,Yong Chu Leong,SDP,Singapore Democratic Party,39537,23.3,2,lost
2006,Tampines,GRC,5,Mah Bow Tan,PAP,People's Action Party,80376,68.51,1,won
2006,Tampines,GRC,5,Masagos Zulkifli B M M,PAP,People's Action Party,80376,68.51,1,won
2006,Tampines,GRC,5,Ng Phek Hoong Irene,PAP,People's Action Party,80376,68.51,1,won
2006,Tampines,GRC,5,Ong Kian Min,PAP,People's Action Party,80376,68.51,1,won
2006,Tampines,GRC,5,Sin Boon Ann,PAP,People's Action Party,80376,68.51,1,won
2006,Tampines,GRC,5,Abdul Rahman Bin Mohamad,SDA,Singapore Democratic Alliance,36948,31.49,2,lost
2006,Tampines,GRC,5,Lim Tung Hee,SDA,Singapore Democratic Alliance,36948,31.49,2,lost
2006,Tampines,GRC,5,Ng Say Eng,SDA,Singapore Democratic Alliance,36948,31.49,2,lost
2006,Tampines,GRC,5,Ong Hock Siong,SDA,Singapore Democratic Alliance,36948,31.49,2,lost
2006,Tampines,GRC,5,Tan Lead Shake,SDA,Singapore Democratic Alliance,36948,31.49,2,lost
2006,Tanjong Pagar,GRC,6,Baey Yam Keng,PAP,People's Action Party,0,,1,won_uncontested
2006,Tanjong Pagar,GRC,6,Indranee Thurai Rajah,PAP,People's Action Party,0,,1,won_uncontested
2006,Tanjong Pagar,GRC,6,Koo Tsai Kee,PAP,People's Action Party,0,,1,won_uncontested
2006,Tanjong Pagar,GRC,6,Lee Kuan Yew,PAP,People's Action Party,0,,1,won_uncontested
2006,Tanjong Pagar,GRC,6,Lui Tuck Yew,PAP,People's Action Party,0,,1,won_uncontested
2006,Tanjong Pagar,GRC,6,Tan Chin Siong,PAP,People's Action Party,0,,1,won_uncontested
2006,West Coast,GRC,5,Fong Jen Arthur,PAP,People's Action Party,0,,1,won_uncontested
2006,West Coast,GRC,5,Foo Chee Keng Cedric,PAP,People's Action Party,0,,1,won_uncontested
2006,West Coast,GRC,5,Ho Geok Choo Madeleine,PAP,People's Action Party,0,,1,won_uncontested
2006,West Coast,GRC,5,Lim Hng Kiang,PAP,People's Action Party,0,,1,won_uncontested
2006,West Coast,GRC,5,Iswaran S,PAP,People's Action Party,0,,1,won_uncontested
2006,Yio Chu Kang,SMC,1,Seng Han Thong,PAP,People's Action Party,15726,68.28,1,won
2006,Yio Chu Kang,SMC,1,Yip Yew Weng,SDA,Singapore Democratic Alliance,7307,31.72,2,lost
2011,Aljunied,GRC,5,Chen Show Mao,WP,Workers' Party,72289,54.72,1,won
2011,Aljunied,GRC,5,Sylvia Lim,WP,Workers' Party,72289,54.72,1,won
2011,Aljunied,GRC,5,Low Thia Khiang,WP,Workers' Party,72289,54.72,1,won
2011,Aljunied,GRC,5,Muhamad Faisal Bin Abdul Manap,WP,Workers' Party,72289,54.72,1,won
2011,Aljunied,GRC,5,Pritam Singh,WP,Workers' Party,72289,54.72,1,won
2011,Aljunied,GRC,5,Lim Hwee Hua,PAP,People's Action Party,59829,45.28,2,lost
2011,Aljunied,GRC,5,Ong Ye Kung,PAP,People's Action Party,59829,45.28,2,lost
2011,Aljunied,GRC,5,Cynthia Phua,PAP,People's Action Party,59829,45.28,2,lost
2011,Aljunied,GRC,5,George Yong-Boon Yeo,PAP,People's Action Party,59829,45.28,2,lost
2011,Aljunied,GRC,5,Zainul Abidin Rasheed,PAP,People's Action Party,59829,45.28,2,lost
2011,Ang Mo Kio,GRC,6,Ang Hin Kee| Inderjit Singh| Intan Azura Binte MOokhtar,PAP,People's Action Party,112677,69.33,1,won
2011,Ang Mo Kio,GRC,6,Lee Hsien Loong,PAP,People's Action Party,112677,69.33,1,won
2011,Ang Mo Kio,GRC,6,Seng Han Thong,PAP,People's Action Party,112677,69.33,1,won
2011,Ang Mo Kio,GRC,6,Yeo Guat Kwang,PAP,People's Action Party,112677,69.33,1,won
2011,Ang Mo Kio,GRC,6,Lim Tung Hee Arthero,RP,Reform Party,49851,30.67,2,lost
2011,Ang Mo Kio,GRC,6,Lim Zirui,RP,Reform Party,49851,30.67,2,lost
2011,Ang Mo Kio,GRC,6,Mohamed Mansor Bin Abdul Rahman,RP,Reform Party,49851,30.67,2,lost
2011,Ang Mo Kio,GRC,6,Osman Bin Sulaiman,RP,Reform Party,49851,30.67,2,lost
2011,Ang Mo Kio,GRC,6,Tan Zhi Xiang,RP,Reform Party,49851,30.67,2,lost
2011,Ang Mo Kio,GRC,6,Vigneswari D/O V Ramachandran,RP,Reform Party,49851,30.67,2,lost
2011,Bishan-Toa Payoh,GRC,5,Hri Kumar Nair,PAP,People's Action Party,62385,56.93,1,won
2011,Bishan-Toa Payoh,GRC,5,Ng Eng Hen,PAP,People's Action Party,62385,56.93,1,won
2011,Bishan-Toa Payoh,GRC,5,Josephine Teo,PAP,People's Action Party,62385,56.93,1,won
2011,Bishan-Toa Payoh,GRC,5,Wong Kan Seng,PAP,People's Action Party,62385,56.93,1,won
2011,Bishan-Toa Payoh,GRC,5,Zainudin Nordin,PAP,People's Action Party,62385,56.93,1,won
2011,Bishan-Toa Payoh,GRC,5,Chiam See Tong,SPP,Singapore People's Party,47205,43.07,2,lost
2011,Bishan-Toa Payoh,GRC,5,Lee Yeong Wee,SPP,Singapore People's Party,47205,43.07,2,lost
2011,Bishan-Toa Payoh,GRC,5,Wilfred Leung,SPP,Singapore People's Party,47205,43.07,2,lost
2011,Bishan-Toa Payoh,GRC,5,Mohamad Hamim Aliyas,SPP,Singapore People's Party,47205,43.07,2,lost
2011,Bishan-Toa Payoh,GRC,5,Benjamin Pwee,SPP,Singapore People's Party,47205,43.07,2,lost
2011,Bukit Panjang,SMC,1,Teo Ho Pin,PAP,People's Action Party,20375,66.27,1,won
2011,Bukit Panjang,SMC,1,Alec Tok,SDP,Singapore Democratic Party,10372,33.73,2,lost
2011,Chua Chu Kang,GRC,5,Gan Kim Yong,PAP,People's Action Party,89710,61.2,1,won
2011,Chua Chu Kang,GRC,5,Low Yen Ling,PAP,People's Action Party,89710,61.2,1,won
2011,Chua Chu Kang,GRC,5,Alex Yam ZiMing,PAP,People's Action Party,89710,61.2,1,won
2011,Chua Chu Kang,GRC,5,Yeo Khirn Hai Alvin,PAP,People's Action Party,89710,61.2,1,won
2011,Chua Chu Kang,GRC,5,Zaqy Bin Mohamad,PAP,People's Action Party,89710,61.2,1,won
2011,Chua Chu Kang,GRC,5,Jeisialn Sivalingam,NSP,National Solidarity Party,56885,38.8,2,lost
2011,Chua Chu Kang,GRC,5,Nor Lella Mardiiiah Bte Mohamed,NSP,National Solidarity Party,56885,38.8,2,lost
2011,Chua Chu Kang,GRC,5,Hazel Poa Koon Koon,NSP,National Solidarity Party,56885,38.8,2,lost
2011,Chua Chu Kang,GRC,5,Tony Tan Lay Thiam,NSP,National Solidarity Party,56885,38.8,2,lost
2011,Chua Chu Kang,GRC,5,"Teo Kway Huang, Sebastian",NSP,National Solidarity Party,56885,38.8,2,lost
2011,East Coast,GRC,5,Lee Yi Shyan,PAP,People's Action Party,59992,54.83,1,won
2011,East Coast,GRC,5,Lim Siang Keat Raymond,PAP,People's Action Party,59992,54.83,1,won
2011,East Coast,GRC,5,Lim Swee Say,PAP,People's Action Party,59992,54.83,1,won
2011,East Coast,GRC,5,Mohd Maliki Bin Osman,PAP,People's Action Party,59992,54.83,1,won
2011,East Coast,GRC,5,Tan Soon Neo Jessica,PAP,People's Action Party,59992,54.83,1,won
2011,East Coast,GRC,5,Gerald Giam Yean Song,WP,Workers' Party,49429,45.17,2,lost
2011,East Coast,GRC,5,Glenda Han Su May,WP,Workers' Party,49429,45.17,2,lost
2011,East Coast,GRC,5,Mohamed Fazli Bin Talip,WP,Workers' Party,49429,45.17,2,lost
2011,East Coast,GRC,5,Png Eng Huat,WP,Workers' Party,49429,45.17,2,lost
2011,East Coast,GRC,5,Eric Tan Heng Chong,WP,Workers' Party,49429,45.17,2,lost
2011,Holland-Bukit Timah,GRC,4,De Souza Christopher Jamed,PAP,People's Action Party,48773,60.08,1,won
2011,Holland-Bukit Timah,GRC,4,Liang Eng Hwa,PAP,People's Action Party,48773,60.08,1,won
2011,Holland-Bukit Timah,GRC,4,Sim Ann,PAP,People's Action Party,48773,60.08,1,won
2011,Holland-Bukit Timah,GRC,4,Vivian Balakrishnan,PAP,People's Action Party,48773,60.08,1,won
2011,Holland-Bukit Timah,GRC,4,Ang Yong Guan,SDP,Singapore Democratic Party,32406,39.92,2,lost
2011,Holland-Bukit Timah,GRC,4,Michelle Lee Juen,SDP,Singapore Democratic Party,32406,39.92,2,lost
2011,Holland-Bukit Timah,GRC,4,Tan Jee Say,SDP,Singapore Democratic Party,32406,39.92,2,lost
2011,Holland-Bukit Timah,GRC,4,Wijeysingha Vincent Rene,SDP,Singapore Democratic Party,32406,39.92,2,lost
2011,Hong Kah North,SMC,1,Amy Khor Lean Suan,PAP,People's Action Party,18156,70.61,1,won
2011,Hong Kah North,SMC,1,Sin Kek Tong,SPP,Singapore People's Party,7556,29.39,2,lost
2011,Hougang,SMC,1,Yaw Shin Leong,WP,Workers' Party,14850,64.8,1,won
2011,Hougang,SMC,1,Desmond Choo Pey Ching,PAP,People's Action Party,8065,35.2,2,lost
2011,Joo Chiat,SMC,1,Charles Chong You Fook,PAP,People's Action Party,9666,51.02,1,won
2011,Joo Chiat,SMC,1,Yee Jenn Jong,WP,Workers' Party,9278,48.98,2,lost
2011,Jurong,GRC,5,Ang Wei Neng,PAP,People's Action Party,76595,66.96,1,won
2011,Jurong,GRC,5,Halimah Binte Yacob,PAP,People's Action Party,76595,66.96,1,won
2011,Jurong,GRC,5,Desmond Lee Ti-Seng (Li ZhiSheng),PAP,People's Action Party,76595,66.96,1,won
2011,Jurong,GRC,5,Ong Kim Huat,PAP,People's Action Party,76595,66.96,1,won
2011,Jurong,GRC,5,Tharman Shanmugaratnam,PAP,People's Action Party,76595,66.96,1,won
2011,Jurong,GRC,5,Abdul Rasheed,NSP,National Solidarity Party,37786,33.04,2,lost
2011,Jurong,GRC,5,Christopher Neo Ting Wei,NSP,National Solidarity Party,37786,33.04,2,lost
2011,Jurong,GRC,5,Noraini Yunus,NSP,National Solidarity Party,37786,33.04,2,lost
2011,Jurong,GRC,5,Ong Beng Ssson Elvin,NSP,National Solidarity Party,37786,33.04,2,lost
2011,Jurong,GRC,5,Ong Hock Siong,NSP,National Solidarity Party,37786,33.04,2,lost
2011,Marine Parade,GRC,5,Fatimah Binte Abdul Lateef,PAP,People's Action Party,78286,56.64,1,won
2011,Marine Parade,GRC,5,Goh Chok Tong,PAP,People's Action Party,78286,56.64,1,won
2011,Marine Parade,GRC,5,Seah Kian Peng,PAP,People's Action Party,78286,56.64,1,won
2011,Marine Parade,GRC,5,Tan Chuan-Jin,PAP,People's Action Party,78286,56.64,1,won
2011,Marine Parade,GRC,5,Tin Pei Ling,PAP,People's Action Party,78286,56.64,1,won
2011,Marine Parade,GRC,5,Abdul Salim Bin Harun,NSP,National Solidarity Party,59926,43.36,2,lost
2011,Marine Parade,GRC,5,Cheo Chai Chen,NSP,National Solidarity Party,59926,43.36,2,lost
2011,Marine Parade,GRC,5,Ng Chung Hon,NSP,National Solidarity Party,59926,43.36,2,lost
2011,Marine Parade,GRC,5,Nicole Rebecca Seah Xue Ling,NSP,National Solidarity Party,59926,43.36,2,lost
2011,Marine Parade,GRC,5,Yeo Tiong Boon,NSP,National Solidarity Party,59926,43.36,2,lost
2011,Moulmein-Kallang,GRC,4,Lui Tuck Yew,PAP,People's Action Party,44886,58.55,1,won
2011,Moulmein-Kallang,GRC,4,Phua Lay Peng Denise,PAP,People's Action Party,44886,58.55,1,won
2011,Moulmein-Kallang,GRC,4,Edwin Tong Chun Fai,PAP,People's Action Party,44886,58.55,1,won
2011,Moulmein-Kallang,GRC,4,Yaacob Bin Ibrahim,PAP,People's Action Party,44886,58.55,1,won
2011,Moulmein-Kallang,GRC,4,Chan Sio Phing Frieda,WP,Workers' Party,31773,41.45,2,lost
2011,Moulmein-Kallang,GRC,4,L Somasundaram,WP,Workers' Party,31773,41.45,2,lost
2011,Moulmein-Kallang,GRC,4,Mohd Rahizan Bin Ya'acob,WP,Workers' Party,31773,41.45,2,lost
2011,Moulmein-Kallang,GRC,4,Toh Hong Boon,WP,Workers' Party,31773,41.45,2,lost
2011,Mountbatten,SMC,1,Lim Biow Chuan,PAP,People's Action Party,11985,58.62,1,won
2011,Mountbatten,SMC,1,Jeannette Chong-Aruldoss,NSP,National Solidarity Party,8461,41.38,2,lost
2011,Nee Soon,GRC,5,K Shanmugam,PAP,People's Action Party,80740,58.4,1,won
2011,Nee Soon,GRC,5,Lee Bee Wah,PAP,People's Action Party,80740,58.4,1,won
2011,Nee Soon,GRC,5,Lim Wee Kiak,PAP,People's Action Party,80740,58.4,1,won
2011,Nee Soon,GRC,5,Muhammad Faishal Ibrahim,PAP,People's Action Party,80740,58.4,1,won
2011,Nee Soon,GRC,5,Tay Teck Guan Patrick,PAP,People's Action Party,80740,58.4,1,won
2011,Nee Soon,GRC,5,Chong Cham Weng,WP,Workers' Party,57523,41.6,2,lost
2011,Nee Soon,GRC,5,"Oon Kheng Faye, Angela",WP,Workers' Party,57523,41.6,2,lost
2011,Nee Soon,GRC,5,Poh Lee Guan,WP,Workers' Party,57523,41.6,2,lost
2011,Nee Soon,GRC,5,Sajeev S/O Kunju Raman Kamalasanan,WP,Workers' Party,57523,41.6,2,lost
2011,Nee Soon,GRC,5,Yam Poh Nam,WP,Workers' Party,57523,41.6,2,lost
2011,Pasir Ris-Punggol,GRC,6,Gan Thiam Poh,PAP,People's Action Party,100493,64.79,1,won
2011,Pasir Ris-Punggol,GRC,6,Janil Arusha Puthucheary,PAP,People's Action Party,100493,64.79,1,won
2011,Pasir Ris-Punggol,GRC,6,Low Penny,PAP,People's Action Party,100493,64.79,1,won
2011,Pasir Ris-Punggol,GRC,6,Teo Chee Hean,PAP,People's Action Party,100493,64.79,1,won
2011,Pasir Ris-Punggol,GRC,6,Teo Ser Luck,PAP,People's Action Party,100493,64.79,1,won
2011,Pasir Ris-Punggol,GRC,6,Zainal Bin Sapari,PAP,People's Action Party,100493,64.79,1,won
2011,Pasir Ris-Punggol,GRC,6,Harminder Pal Singh,SDA,Singapore Democratic Alliance,54601,35.21,2,lost
2011,Pasir Ris-Punggol,GRC,6,Lee Song Juan,SDA,Singapore Democratic Alliance,54601,35.21,2,lost
2011,Pasir Ris-Punggol,GRC,6,Jeffrey Lim| Mohd Shafni,SDA,Singapore Democratic Alliance,54601,35.21,2,lost
2011,Pasir Ris-Punggol,GRC,6,Sidney Ssoon,SDA,Singapore Democratic Alliance,54601,35.21,2,lost
2011,Pasir Ris-Punggol,GRC,6,Tan Keng Hong,SDA,Singapore Democratic Alliance,54601,35.21,2,lost
2011,Pioneer,SMC,1,Cedric Foo Chee Keng,PAP,People's Action Party,14593,60.73,1,won
2011,Pioneer,SMC,1,Chia Steve,NSP,National Solidarity Party,9437,39.27,2,lost
2011,Potong Pasir,SMC,1,Sitoh Yih Pin,PAP,People's Action Party,7992,50.36,1,won
2011,Potong Pasir,SMC,1,Loh Woon Lee Lina,SPP,Singapore People's Party,7878,49.64,2,lost
2011,Punggol East,SMC,1,Michael Palmer,PAP,People's Action Party,16994,54.54,1,won
2011,Punggol East,SMC,1,Lee Li Lian,WP,Workers' Party,12777,41.01,2,lost
2011,Punggol East,SMC,1,Lim Bak Chuan Desmond,SDA,Singapore Democratic Alliance,1387,4.45,3,lost_deposit
2011,Radin Mas,SMC,1,Tan Chin Siong,PAP,People's Action Party,18609,67.1,1,won
2011,Radin Mas,SMC,1,Yip Yew Weng,NSP,National Solidarity Party,9123,32.9,2,lost
2011,Sembawang,GRC,5,Hawazi Daipi,PAP,People's Action Party,84252,63.9,1,won
2011,Sembawang,GRC,5,Khaw Boon Wan| Ellen Lee Geck Hoon,PAP,People's Action Party,84252,63.9,1,won
2011,Sembawang,GRC,5,Ong Teng Koon| Vikram Nair,PAP,People's Action Party,84252,63.9,1,won
2011,Sembawang,GRC,5,James Gomez,SDP,Singapore Democratic Party,47605,36.1,2,lost
2011,Sembawang,GRC,5,Luo Jie Jarrod,SDP,Singapore Democratic Party,47605,36.1,2,lost
2011,Sembawang,GRC,5,Mohd Isa,SDP,Singapore Democratic Party,47605,36.1,2,lost
2011,Sembawang,GRC,5,Sadasivam V,SDP,Singapore Democratic Party,47605,36.1,2,lost
2011,Sembawang,GRC,5,John Tan Liang Joo,SDP,Singapore Democratic Party,47605,36.1,2,lost
2011,Sengkang West,SMC,1,Lam Pin Min,PAP,People's Action Party,14689,58.11,1,won
2011,Sengkang West,SMC,1,Koh Choong Yong,WP,Workers' Party,10591,41.89,2,lost
2011,Tampines,GRC,5,Baey Yam Keng,PAP,People's Action Party,72728,57.22,1,won
2011,Tampines,GRC,5,Heng Swee Keat,PAP,People's Action Party,72728,57.22,1,won
2011,Tampines,GRC,5,Mah Bow Tan,PAP,People's Action Party,72728,57.22,1,won
2011,Tampines,GRC,5,Masagos Zulkifli Bmm,PAP,People's Action Party,72728,57.22,1,won
2011,Tampines,GRC,5,Irene Ng Phek Hoong,PAP,People's Action Party,72728,57.22,1,won
2011,Tampines,GRC,5,Fong Chin Leong,NSP,National Solidarity Party,54381,42.78,2,lost
2011,Tampines,GRC,5,Goh Keow Wah| Goh Meng Seng,NSP,National Solidarity Party,54381,42.78,2,lost
2011,Tampines,GRC,5,Raymond Lim Peng Ann,NSP,National Solidarity Party,54381,42.78,2,lost
2011,Tampines,GRC,5,Syafarin Bin Sarif,NSP,National Solidarity Party,54381,42.78,2,lost
2011,Tanjong Pagar,GRC,5,Chan Chun Sing,PAP,People's Action Party,0,,1,won_uncontested
2011,Tanjong Pagar,GRC,5,Chia Shi-Lu,PAP,People's Action Party,0,,1,won_uncontested
2011,Tanjong Pagar,GRC,5,Indranee Thurai Rajah,PAP,People's Action Party,0,,1,won_uncontested
2011,Tanjong Pagar,GRC,5,Lee Kuan Yew,PAP,People's Action Party,0,,1,won_uncontested
2011,Tanjong Pagar,GRC,5,Lily Tirtasana Neo,PAP,People's Action Party,0,,1,won_uncontested
2011,West Coast,GRC,5,Arthur Fong,PAP,People's Action Party,72563,66.57,1,won
2011,West Coast,GRC,5,Foo Mee Har,PAP,People's Action Party,72563,66.57,1,won
2011,West Coast,GRC,5,Lim Hng Kiang,PAP,People's Action Party,72563,66.57,1,won
2011,West Coast,GRC,5,S Iswaran,PAP,People's Action Party,72563,66.57,1,won
2011,West Coast,GRC,5,Lawrence Wong,PAP,People's Action Party,72563,66.57,1,won
2011,West Coast,GRC,5,Ho Soak Harn,RP,Reform Party,36443,33.43,2,lost
2011,West Coast,GRC,5,Kenneth Andrew Jeyaretnam,RP,Reform Party,36443,33.43,2,lost
2011,West Coast,GRC,5,Kumar S/O Appavoo,RP,Reform Party,36443,33.43,2,lost
2011,West Coast,GRC,5,Low Chiak Huan,RP,Reform Party,36443,33.43,2,lost
2011,West Coast,GRC,5,Zhu Lai Cheng,RP,Reform Party,36443,33.43,2,lost
2011,Whampoa,SMC,1,Heng Chee How,PAP,People's Action Party,13028,66.1,1,won
2011,Whampoa,SMC,1,Ken Sun,NSP,National Solidarity Party,6683,33.9,2,lost
2011,Yuhua,SMC,1,Grace Fu Hai Yien,PAP,People's Action Party,14093,66.86,1,won
2011,Yuhua,SMC,1,Teo Soh Lung,SDP,Singapore Democratic Party,6986,33.14,2,lost
2015,Aljunied,GRC,5,Chen Show Mao,WP,Workers' Party,70050,50.96,1,won
2015,Aljunied,GRC,5,Sylvia Lim,WP,Workers' Party,70050,50.96,1,won
2015,Aljunied,GRC,5,Low Thia Khiang,WP,Workers' Party,70050,50.96,1,won
2015,Aljunied,GRC,5,Md Faisal Bin Abdul Manap,WP,Workers' Party,70050,50.96,1,won
2015,Aljunied,GRC,5,Pritam Singh,WP,Workers' Party,70050,50.96,1,won
2015,Aljunied,GRC,5,Chau Eng Leong,PAP,People's Action Party,67424,49.04,2,lost
2015,Aljunied,GRC,5,K Muralidharan Pillai,PAP,People's Action Party,67424,49.04,2,lost
2015,Aljunied,GRC,5,Lye Thiam Fatt Joseph Victor,PAP,People's Action Party,67424,49.04,2,lost
2015,Aljunied,GRC,5,Shamsul Kamar Bin Mohamed Razali,PAP,People's Action Party,67424,49.04,2,lost
2015,Aljunied,GRC,5,Yeo Guat Kwang,PAP,People's Action Party,67424,49.04,2,lost
2015,Ang Mo Kio,GRC,6,Ang Hin Kee,PAP,People's Action Party,135316,78.64,1,won
2015,Ang Mo Kio,GRC,6,David Darryl Wilson,PAP,People's Action Party,135316,78.64,1,won
2015,Ang Mo Kio,GRC,6,Gan Thiam Poh,PAP,People's Action Party,135316,78.64,1,won
2015,Ang Mo Kio,GRC,6,Intan Azura Binte Mokhtar,PAP,People's Action Party,135316,78.64,1,won
2015,Ang Mo Kio,GRC,6,Koh Poh Koon| Lee Hsien Loong,PAP,People's Action Party,135316,78.64,1,won
2015,Ang Mo Kio,GRC,6,Goh Keow Wah,RP,Reform Party,36758,21.36,2,lost
2015,Ang Mo Kio,GRC,6,Jesse Loo Hoe Bock,RP,Reform Party,36758,21.36,2,lost
2015,Ang Mo Kio,GRC,6,Roy Ngerng Yi Ling,RP,Reform Party,36758,21.36,2,lost
2015,Ang Mo Kio,GRC,6,Osman Sulaiman,RP,Reform Party,36758,21.36,2,lost
2015,Ang Mo Kio,GRC,6,M Ravi,RP,Reform Party,36758,21.36,2,lost
2015,Ang Mo Kio,GRC,6,Siva Chandran,RP,Reform Party,36758,21.36,2,lost
2015,Bishan-Toa Payoh,GRC,5,Chee Hong Tat,PAP,People's Action Party,86701,73.59,1,won
2015,Bishan-Toa Payoh,GRC,5,Chong Kee Hiong,PAP,People's Action Party,86701,73.59,1,won
2015,Bishan-Toa Payoh,GRC,5,Ng Eng Hen,PAP,People's Action Party,86701,73.59,1,won
2015,Bishan-Toa Payoh,GRC,5,Saktiandi Bin Supaat,PAP,People's Action Party,86701,73.59,1,won
2015,Bishan-Toa Payoh,GRC,5,Josephine Teo,PAP,People's Action Party,86701,73.59,1,won
2015,Bishan-Toa Payoh,GRC,5,Law Kim Hwee,SPP,Singapore People's Party,31108,26.41,2,lost
2015,Bishan-Toa Payoh,GRC,5,"Long YaoGuang, Don Bryan",SPP,Singapore People's Party,31108,26.41,2,lost
2015,Bishan-Toa Payoh,GRC,5,Mohamad Abdillah Bin Zamzuri,SPP,Singapore People's Party,31108,26.41,2,lost
2015,Bishan-Toa Payoh,GRC,5,Mohamad Hamim Bin Aliyas,SPP,Singapore People's Party,31108,26.41,2,lost
2015,Bishan-Toa Payoh,GRC,5,Pwee Yek Kwan Benjamin,SPP,Singapore People's Party,31108,26.41,2,lost
2015,Bukit Batok,SMC,1,David Ong Kim Huat,PAP,People's Action Party,18234,73.02,1,won
2015,Bukit Batok,SMC,1,Sadasivam V,SDP,Singapore Democratic Party,6588,26.38,2,lost
2015,Bukit Batok,SMC,1,Samir Salim Neji,Independent,,150,0.6,3,lost_deposit
2015,Bukit Panjang,SMC,1,Teo Ho Pin,PAP,People's Action Party,21954,68.38,1,won
2015,Bukit Panjang,SMC,1,Khung Wai Yeen,SDP,Singapore Democratic Party,10152,31.62,2,lost
2015,Chua Chu Kang,GRC,4,Gan Kim Yong,PAP,People's Action Party,84850,76.91,1,won
2015,Chua Chu Kang,GRC,4,Low Yen Ling,PAP,People's Action Party,84850,76.91,1,won
2015,Chua Chu Kang,GRC,4,Yee Chia Hsing,PAP,People's Action Party,84850,76.91,1,won
2015,Chua Chu Kang,GRC,4,Zaqy Mohamad,PAP,People's Action Party,84850,76.91,1,won
2015,Chua Chu Kang,GRC,4,Goh Meng Seng,PPP,People's Power Party,25475,23.09,2,lost
2015,Chua Chu Kang,GRC,4,Lee Tze Shih,PPP,People's Power Party,25475,23.09,2,lost
2015,Chua Chu Kang,GRC,4,Low Wai Choo,PPP,People's Power Party,25475,23.09,2,lost
2015,Chua Chu Kang,GRC,4,Syafarin Bin Sarif,PPP,People's Power Party,25475,23.09,2,lost
2015,East Coast,GRC,4,Lee Yi Shyan,PAP,People's Action Party,55093,60.73,1,won
2015,East Coast,GRC,4,Lim Swee Say,PAP,People's Action Party,55093,60.73,1,won
2015,East Coast,GRC,4,Mohd Maliki Bin Osman| Tan Soon Neo Jessica,PAP,People's Action Party,55093,60.73,1,won
2015,East Coast,GRC,4,Gerald Giam Yean Song,WP,Workers' Party,35622,39.27,2,lost
2015,East Coast,GRC,4,Daniel Goh Pei Siong,WP,Workers' Party,35622,39.27,2,lost
2015,East Coast,GRC,4,Mohamed Fairoz Bin Shariff,WP,Workers' Party,35622,39.27,2,lost
2015,East Coast,GRC,4,Leon Perera,WP,Workers' Party,35622,39.27,2,lost
2015,Fengshan,SMC,1,Cheryl Chan Wei Ling,PAP,People's Action Party,12417,57.5,1,won
2015,Fengshan,SMC,1,Dennis Tan Lip Fong,WP,Workers' Party,9176,42.5,2,lost
2015,Holland-Bukit Timah,GRC,4,Christopher De Souza,PAP,People's Action Party,62786,66.6,1,won
2015,Holland-Bukit Timah,GRC,4,Liang Eng Hwa,PAP,People's Action Party,62786,66.6,1,won
2015,Holland-Bukit Timah,GRC,4,Sim Ann,PAP,People's Action Party,62786,66.6,1,won
2015,Holland-Bukit Timah,GRC,4,Vivian Balakrishnan,PAP,People's Action Party,62786,66.6,1,won
2015,Holland-Bukit Timah,GRC,4,Chee Soon Juan| Chong Wai Fung,SDP,Singapore Democratic Party,31494,33.4,2,lost
2015,Holland-Bukit Timah,GRC,4,Md Sidek Bin Mallek| Paul Anatharajah Tambyah,SDP,Singapore Democratic Party,31494,33.4,2,lost
2015,Hong Kah North,SMC,1,Amy Khor Lean Suan,PAP,People's Action Party,19628,74.76,1,won
2015,Hong Kah North,SMC,1,Ravi Philemon,SPP,Singapore People's Party,6627,25.24,2,lost
2015,Hougang,SMC,1,Png Eng Huat,WP,Workers' Party,13027,57.66,1,won
2015,Hougang,SMC,1,Lee Hong Chuang,PAP,People's Action Party,9565,42.34,2,lost
2015,Jalan Besar,GRC,4,Heng Chee How,PAP,People's Action Party,63644,67.75,1,won
2015,Jalan Besar,GRC,4,Lily Neo,PAP,People's Action Party,63644,67.75,1,won
2015,Jalan Besar,GRC,4,Denise Phua Lay Peng,PAP,People's Action Party,63644,67.75,1,won
2015,Jalan Besar,GRC,4,Yaacob Ibrahim,PAP,People's Action Party,63644,67.75,1,won
2015,Jalan Besar,GRC,4,Chan Sio Phing Frieda (Zeng Xiao Ping),WP,Workers' Party,30302,32.25,2,lost
2015,Jalan Besar,GRC,4,L Somasundaram,WP,Workers' Party,30302,32.25,2,lost
2015,Jalan Besar,GRC,4,Redzwan Hafidz Abdul Razak,WP,Workers' Party,30302,32.25,2,lost
2015,Jalan Besar,GRC,4,Sim Tian Hock (Shen TianFu),WP,Workers' Party,30302,32.25,2,lost
2015,Jurong,GRC,5,Ang Wei Neng,PAP,People's Action Party,95228,79.29,1,won
2015,Jurong,GRC,5,Desmond Lee,PAP,People's Action Party,95228,79.29,1,won
2015,Jurong,GRC,5,Rahayu Binte Mahzam,PAP,People's Action Party,95228,79.29,1,won
2015,Jurong,GRC,5,Tharman Shanmugaratnam,PAP,People's Action Party,95228,79.29,1,won
2015,Jurong,GRC,5,Tan Wu Meng,PAP,People's Action Party,95228,79.29,1,won
2015,Jurong,GRC,5,Foo Ming Jin David,SGF,Singaporeans First,24869,20.71,2,lost
2015,Jurong,GRC,5,Sukdeu Singh,SGF,Singaporeans First,24869,20.71,2,lost
2015,Jurong,GRC,5,Tan Peng Aann| Wong Chee Wai,SGF,Singaporeans First,24869,20.71,2,lost
2015,Jurong,GRC,5,Wong Soon Hong,SGF,Singaporeans First,24869,20.71,2,lost
2015,MacPherson,SMC,1,Tin Pei Ling,PAP,People's Action Party,17251,65.6,1,won
2015,MacPherson,SMC,1,Chen JiaXi,WP,Workers' Party,8833,33.59,2,lost
2015,MacPherson,SMC,1,Cheo Chai Chen,NSP,National Solidarity Party,215,0.82,3,lost_deposit
2015,Marine Parade,GRC,5,Fatimah Binte Abdul Lateef,PAP,People's Action Party,85138,64.07,1,won
2015,Marine Parade,GRC,5,Goh Chok Tong,PAP,People's Action Party,85138,64.07,1,won
2015,Marine Parade,GRC,5,Seah Kian Peng,PAP,People's Action Party,85138,64.07,1,won
2015,Marine Parade,GRC,5,Tan Chuan-Jin,PAP,People's Action Party,85138,64.07,1,won
2015,Marine Parade,GRC,5,Tong Chun Fai Edwin Charles,PAP,People's Action Party,85138,64.07,1,won
2015,Marine Parade,GRC,5,Firuz Khan,WP,Workers' Party,47753,35.93,2,lost
2015,Marine Parade,GRC,5,He Tingru,WP,Workers' Party,47753,35.93,2,lost
2015,Marine Parade,GRC,5,Ng Foo Eng,WP,Workers' Party,47753,35.93,2,lost
2015,Marine Parade,GRC,5,Terence Tan,WP,Workers' Party,47753,35.93,2,lost
2015,Marine Parade,GRC,5,Yee Jenn Jong,WP,Workers' Party,47753,35.93,2,lost
2015,Marsiling-Yew Tee,GRC,4,Halimah Yacob,PAP,People's Action Party,68546,68.73,1,won
2015,Marsiling-Yew Tee,GRC,4,Ong Teng Koon,PAP,People's Action Party,68546,68.73,1,won
2015,Marsiling-Yew Tee,GRC,4,Lawrence Wong,PAP,People's Action Party,68546,68.73,1,won
2015,Marsiling-Yew Tee,GRC,4,Alex Yam Ziming,PAP,People's Action Party,68546,68.73,1,won
2015,Marsiling-Yew Tee,GRC,4,Damanhuri Bin Abas,SDP,Singapore Democratic Party,31185,31.27,2,lost
2015,Marsiling-Yew Tee,GRC,4,Lim Boon Heng,SDP,Singapore Democratic Party,31185,31.27,2,lost
2015,Marsiling-Yew Tee,GRC,4,Tan Liang Joo John,SDP,Singapore Democratic Party,31185,31.27,2,lost
2015,Marsiling-Yew Tee,GRC,4,Wong Souk Yee,SDP,Singapore Democratic Party,31185,31.27,2,lost
2015,Mountbatten,SMC,1,Lim Biow Chuan,PAP,People's Action Party,15331,71.86,1,won
2015,Mountbatten,SMC,1,Jeannette Chong - Aruldoss,SPP,Singapore People's Party,6004,28.14,2,lost
2015,Nee Soon,GRC,5,K Shanmugam,PAP,People's Action Party,82287,66.83,1,won
2015,Nee Soon,GRC,5,Kwek Hian Chuan,PAP,People's Action Party,82287,66.83,1,won
2015,Nee Soon,GRC,5,Lee Bee Wah,PAP,People's Action Party,82287,66.83,1,won
2015,Nee Soon,GRC,5,Muhammad Faishal Ibrahim,PAP,People's Action Party,82287,66.83,1,won
2015,Nee Soon,GRC,5,Ng Kok Kwang Louis,PAP,People's Action Party,82287,66.83,1,won
2015,Nee Soon,GRC,5,Foo Seck Guan,WP,Workers' Party,40841,33.17,2,lost
2015,Nee Soon,GRC,5,Gurmit Singh S/O Sadhu Singh,WP,Workers' Party,40841,33.17,2,lost
2015,Nee Soon,GRC,5,Koh Tiong Yee,WP,Workers' Party,40841,33.17,2,lost
2015,Nee Soon,GRC,5,Cheryl Loh Xiu Wen,WP,Workers' Party,40841,33.17,2,lost
2015,Nee Soon,GRC,5,Ron Tan Jun Yen,WP,Workers' Party,40841,33.17,2,lost
2015,Pasir Ris-Punggol,GRC,6,Janil Puthucheary,PAP,People's Action Party,125166,72.89,1,won
2015,Pasir Ris-Punggol,GRC,6,Ng Chee Meng,PAP,People's Action Party,125166,72.89,1,won
2015,Pasir Ris-Punggol,GRC,6,Sun XueLing,PAP,People's Action Party,125166,72.89,1,won
2015,Pasir Ris-Punggol,GRC,6,Teo Chee Hean,PAP,People's Action Party,125166,72.89,1,won
2015,Pasir Ris-Punggol,GRC,6,Teo Ser Luck,PAP,People's Action Party,125166,72.89,1,won
2015,Pasir Ris-Punggol,GRC,6,Zainal Bin Sapari,PAP,People's Action Party,125166,72.89,1,won
2015,Pasir Ris-Punggol,GRC,6,Abu Bin Mohamed,SDA,Singapore Democratic Alliance,46550,27.11,2,lost
2015,Pasir Ris-Punggol,GRC,6,Harminder Pal Singh S/O Gurcharan Singh,SDA,Singapore Democratic Alliance,46550,27.11,2,lost
2015,Pasir Ris-Punggol,GRC,6,Lim Bak Chuan Desmond,SDA,Singapore Democratic Alliance,46550,27.11,2,lost
2015,Pasir Ris-Punggol,GRC,6,Lim Tung Hee Arthero,SDA,Singapore Democratic Alliance,46550,27.11,2,lost
2015,Pasir Ris-Punggol,GRC,6,Ong Teik Seng,SDA,Singapore Democratic Alliance,46550,27.11,2,lost
2015,Pasir Ris-Punggol,GRC,6,Wong Way Weng,SDA,Singapore Democratic Alliance,46550,27.11,2,lost
2015,Pioneer,SMC,1,Cedric Foo Chee Keng,PAP,People's Action Party,18017,76.35,1,won
2015,Pioneer,SMC,1,Ong Beng Soon Elvin,NSP,National Solidarity Party,5581,23.65,2,lost
2015,Potong Pasir,SMC,1,Sitoh Yih Pin,PAP,People's Action Party,10602,66.39,1,won
2015,Potong Pasir,SMC,1,Loh Woon Lee Lina,SPP,Singapore People's Party,5368,33.61,2,lost
2015,Punggol East,SMC,1,Charles Chong You Fook,PAP,People's Action Party,16977,51.77,1,won
2015,Punggol East,SMC,1,Lee Li Lian,WP,Workers' Party,15818,48.23,2,lost
2015,Radin Mas,SMC,1,Tan Chin Siong,PAP,People's Action Party,20246,77.25,1,won
2015,Radin Mas,SMC,1,Kumar S/O Appavoo,RP,Reform Party,3333,12.72,2,lost
2015,Radin Mas,SMC,1,Han Hui Hui,Independent,,2630,10.03,3,lost_deposit
2015,Sembawang,GRC,5,Amrin Amin,PAP,People's Action Party,96718,72.28,1,won
2015,Sembawang,GRC,5,Khaw Boon Wan,PAP,People's Action Party,96718,72.28,1,won
2015,Sembawang,GRC,5,Lim Wee Kiak,PAP,People's Action Party,96718,72.28,1,won
2015,Sembawang,GRC,5,Ong Ye Kung,PAP,People's Action Party,96718,72.28,1,won
2015,Sembawang,GRC,5,Vikram Nair,PAP,People's Action Party,96718,72.28,1,won
2015,Sembawang,GRC,5,Abdul Rasheed S/O Y Abdul Kuthus,NSP,National Solidarity Party,37087,27.72,2,lost
2015,Sembawang,GRC,5,Lim Tong Zhen| Ng Chung Hon,NSP,National Solidarity Party,37087,27.72,2,lost
2015,Sembawang,GRC,5,Yadzeth Bin Hairis,NSP,National Solidarity Party,37087,27.72,2,lost
2015,Sembawang,GRC,5,Yeo Ren-Yuan,NSP,National Solidarity Party,37087,27.72,2,lost
2015,Sengkang West,SMC,1,Lam Pin Min,PAP,People's Action Party,17586,62.13,1,won
2015,Sengkang West,SMC,1,Koh Choong Yong,WP,Workers' Party,10721,37.87,2,lost
2015,Tampines,GRC,5,Baey Yam Keng,PAP,People's Action Party,95305,72.07,1,won
2015,Tampines,GRC,5,Cheng Li Hui,PAP,People's Action Party,95305,72.07,1,won
2015,Tampines,GRC,5,Desmond Choo Pey Ching,PAP,People's Action Party,95305,72.07,1,won
2015,Tampines,GRC,5,Heng Swee Keat,PAP,People's Action Party,95305,72.07,1,won
2015,Tampines,GRC,5,Masagos Zulkifli,PAP,People's Action Party,95305,72.07,1,won
2015,Tampines,GRC,5,Choong Hon Heng,NSP,National Solidarity Party,36943,27.93,2,lost
2015,Tampines,GRC,5,Fong Chin Leong,NSP,National Solidarity Party,36943,27.93,2,lost
2015,Tampines,GRC,5,Lim Tean,NSP,National Solidarity Party,36943,27.93,2,lost
2015,Tampines,GRC,5,Nor Lella Mardiiiah Bte Mohmed,NSP,National Solidarity Party,36943,27.93,2,lost
2015,Tampines,GRC,5,Teo Kway Huang Sebastian,NSP,National Solidarity Party,36943,27.93,2,lost
2015,Tanjong Pagar,GRC,5,Chan Chun Sing,PAP,People's Action Party,90635,77.71,1,won
2015,Tanjong Pagar,GRC,5,Chia Shi-Lu,PAP,People's Action Party,90635,77.71,1,won
2015,Tanjong Pagar,GRC,5,Indranee Thurai Rajah,PAP,People's Action Party,90635,77.71,1,won
2015,Tanjong Pagar,GRC,5,Joan Pereira,PAP,People's Action Party,90635,77.71,1,won
2015,Tanjong Pagar,GRC,5,Melvin Yong Yik Chye,PAP,People's Action Party,90635,77.71,1,won
2015,Tanjong Pagar,GRC,5,Ang Yong Guan,SGF,Singaporeans First,25998,22.29,2,lost
2015,Tanjong Pagar,GRC,5,Chirag Praful Desai,SGF,Singaporeans First,25998,22.29,2,lost
2015,Tanjong Pagar,GRC,5,Chiu Weng Hoe Melvyn,SGF,Singaporeans First,25998,22.29,2,lost
2015,Tanjong Pagar,GRC,5,Mohamad Fahmi Bin Ahmad Rais,SGF,Singaporeans First,25998,22.29,2,lost
2015,Tanjong Pagar,GRC,5,Tan Jee Say,SGF,Singaporeans First,25998,22.29,2,lost
2015,West Coast,GRC,4,Foo Mee Har,PAP,People's Action Party,71214,78.57,1,won
2015,West Coast,GRC,4,Lim Hng Kiang,PAP,People's Action Party,71214,78.57,1,won
2015,West Coast,GRC,4,Siswaran,PAP,People's Action Party,71214,78.57,1,won
2015,West Coast,GRC,4,Patrick Tay Teck Guan,PAP,People's Action Party,71214,78.57,1,won
2015,West Coast,GRC,4,Kenneth Andrew Jeyaretnam,RP,Reform Party,19426,21.43,2,lost
2015,West Coast,GRC,4,Noraini Bte Yunus,RP,Reform Party,19426,21.43,2,lost
2015,West Coast,GRC,4,Soh Guan Soon,RP,Reform Party,19426,21.43,2,lost
2015,West Coast,GRC,4,Zhu LaiCheng,RP,Reform Party,19426,21.43,2,lost
2015,Yuhua,SMC,1,Grace Fu Hai Yien,PAP,People's Action Party,15324,73.55,1,won
2015,Yuhua,SMC,1,Go Hui Leng,SDP,Singapore Democratic Party,5512,26.45,2,lost
2020,Aljunied,GRC,5,Gerald Giam Yean Song,WP,Workers' Party,85815,59.95,1,won
2020,Aljunied,GRC,5,Sylvia Lim,WP,Workers' Party,85815,59.95,1,won
2020,Aljunied,GRC,5,Muhamad Faisal Bin Abdul Manap,WP,Workers' Party,85815,59.95,1,won
2020,Aljunied,GRC,5,Leon Perera,WP,Workers' Party,85815,59.95,1,won
2020,Aljunied,GRC,5,Pritam Singh,WP,Workers' Party,85815,59.95,1,won
2020,Aljunied,GRC,5,Chan Hui Yuh,PAP,People's Action Party,57330,40.05,2,lost
2020,Aljunied,GRC,5,Chua Eng Leong,PAP,People's Action Party,57330,40.05,2,lost
2020,Aljunied,GRC,5,Victor Lye Thiam Fatt,PAP,People's Action Party,57330,40.05,2,lost
2020,Aljunied,GRC,5,Shamsul Kamar Bin Mohamed Razali,PAP,People's Action Party,57330,40.05,2,lost
2020,Aljunied,GRC,5,Alex Yeo Sheng Chye,PAP,People's Action Party,57330,40.05,2,lost
2020,Ang Mo Kio,GRC,5,Darryl David,PAP,People's Action Party,124597,71.91,1,won
2020,Ang Mo Kio,GRC,5,Gan Thiam Poh,PAP,People's Action Party,124597,71.91,1,won
2020,Ang Mo Kio,GRC,5,Lee Hsien Loong,PAP,People's Action Party,124597,71.91,1,won
2020,Ang Mo Kio,GRC,5,Nadia Ahmad Samdin,PAP,People's Action Party,124597,71.91,1,won
2020,Ang Mo Kio,GRC,5,Ng Ling Ling,PAP,People's Action Party,124597,71.91,1,won
2020,Ang Mo Kio,GRC,5,Kenneth Andrew Jeyaretnam,RP,Reform Party,48677,28.09,2,lost
2020,Ang Mo Kio,GRC,5,Noraini Bte Yunus,RP,Reform Party,48677,28.09,2,lost
2020,Ang Mo Kio,GRC,5,Soh Guan Soon,RP,Reform Party,48677,28.09,2,lost
2020,Ang Mo Kio,GRC,5,"Yeo Yao Hui, Charles",RP,Reform Party,48677,28.09,2,lost
2020,Ang Mo Kio,GRC,5,Zhu Laicheng,RP,Reform Party,48677,28.09,2,lost
2020,Bishan-Toa Payoh,GRC,4,Chee Hong Tat,PAP,People's Action Party,62983,67.23,1,won
2020,Bishan-Toa Payoh,GRC,4,Chong Kee Hiong,PAP,People's Action Party,62983,67.23,1,won
2020,Bishan-Toa Payoh,GRC,4,Ng Eng Hen,PAP,People's Action Party,62983,67.23,1,won
2020,Bishan-Toa Payoh,GRC,4,Saktiandi Bin Supaat,PAP,People's Action Party,62983,67.23,1,won
2020,Bishan-Toa Payoh,GRC,4,Steve Chia,SPP,Singapore People's Party,30696,32.77,2,lost
2020,Bishan-Toa Payoh,GRC,4,Melvyn Chiu,SPP,Singapore People's Party,30696,32.77,2,lost
2020,Bishan-Toa Payoh,GRC,4,Williiamson Lee,SPP,Singapore People's Party,30696,32.77,2,lost
2020,Bishan-Toa Payoh,GRC,4,Osman Sulaiman,SPP,Singapore People's Party,30696,32.77,2,lost
2020,Bukit Batok,SMC,1,Murali Pillai,PAP,People's Action Party,15500,54.8,1,won
2020,Bukit Batok,SMC,1,Chee Soon Juan,SDP,Singapore Democratic Party,12787,45.2,2,lost
2020,Bukit Panjang,SMC,1,Liang Eng Hwa,PAP,People's Action Party,18085,53.73,1,won
2020,Bukit Panjang,SMC,1,Paul Ananth Tambyah,SDP,Singapore Democratic Party,15576,46.27,2,lost
2020,Chua Chu Kang,GRC,4,Gan Kim Yong,PAP,People's Action Party,59554,58.64,1,won
2020,Chua Chu Kang,GRC,4,Low Yen Ling,PAP,People's Action Party,59554,58.64,1,won
2020,Chua Chu Kang,GRC,4,Don Wee,PAP,People's Action Party,59554,58.64,1,won
2020,Chua Chu Kang,GRC,4,Zhulkarnain Abdul Rahim,PAP,People's Action Party,59554,58.64,1,won
2020,Chua Chu Kang,GRC,4,Abdul Rahman Bin Mohamad,PSP,Progress Singapore Party,42012,41.36,2,lost
2020,Chua Chu Kang,GRC,4,Choo Shaun Ming,PSP,Progress Singapore Party,42012,41.36,2,lost
2020,Chua Chu Kang,GRC,4,Tan Meng Wah,PSP,Progress Singapore Party,42012,41.36,2,lost
2020,Chua Chu Kang,GRC,4,Yuen Kin Pheng,PSP,Progress Singapore Party,42012,41.36,2,lost
2020,East Coast,GRC,5,Cheryl Chan Wei Ling,PAP,People's Action Party,61144,53.39,1,won
2020,East Coast,GRC,5,Heng Swee Keat,PAP,People's Action Party,61144,53.39,1,won
2020,East Coast,GRC,5,Mohd Maliki Bin Osman,PAP,People's Action Party,61144,53.39,1,won
2020,East Coast,GRC,5,Tan Kiat How,PAP,People's Action Party,61144,53.39,1,won
2020,East Coast,GRC,5,Tan Soon Neo Jessica,PAP,People's Action Party,61144,53.39,1,won
2020,East Coast,GRC,5,Abdul Shariff Aboo Kassim,WP,Workers' Party,53375,46.61,2,lost
2020,East Coast,GRC,5,Foo Seck Guan,WP,Workers' Party,53375,46.61,2,lost
2020,East Coast,GRC,5,Dylan Ng,WP,Workers' Party,53375,46.61,2,lost
2020,East Coast,GRC,5,Nicole Seah,WP,Workers' Party,53375,46.61,2,lost
2020,East Coast,GRC,5,Terence Tan Li-Chern,WP,Workers' Party,53375,46.61,2,lost
2020,Holland-Bukit Timah,GRC,4,Edward Chia Bing Hui,PAP,People's Action Party,71218,66.36,1,won
2020,Holland-Bukit Timah,GRC,4,De Souza Christopher,PAP,People's Action Party,71218,66.36,1,won
2020,Holland-Bukit Timah,GRC,4,Sim Ann,PAP,People's Action Party,71218,66.36,1,won
2020,Holland-Bukit Timah,GRC,4,Vivian Balakrishnan,PAP,People's Action Party,71218,66.36,1,won
2020,Holland-Bukit Timah,GRC,4,Min Cheong,SDP,Singapore Democratic Party,36100,33.64,2,lost
2020,Holland-Bukit Timah,GRC,4,James Gomez,SDP,Singapore Democratic Party,36100,33.64,2,lost
2020,Holland-Bukit Timah,GRC,4,Alfred Tan,SDP,Singapore Democratic Party,36100,33.64,2,lost
2020,Holland-Bukit Timah,GRC,4,Tan Jee Say,SDP,Singapore Democratic Party,36100,33.64,2,lost
2020,Hong Kah North,SMC,1,Amy Khor Lean Suan,PAP,People's Action Party,16347,60.99,1,won
2020,Hong Kah North,SMC,1,Gigene Wong,PSP,Progress Singapore Party,10457,39.01,2,lost
2020,Hougang,SMC,1,Dennis Tan Lip Fong,WP,Workers' Party,15451,61.21,1,won
2020,Hougang,SMC,1,Lee Hong Chuang,PAP,People's Action Party,9791,38.79,2,lost
2020,Jalan Besar,GRC,4,Heng Chee How,PAP,People's Action Party,64631,65.36,1,won
2020,Jalan Besar,GRC,4,Denise Phua Lay Peng,PAP,People's Action Party,64631,65.36,1,won
2020,Jalan Besar,GRC,4,Josephine Teo,PAP,People's Action Party,64631,65.36,1,won
2020,Jalan Besar,GRC,4,Wan Rizal,PAP,People's Action Party,64631,65.36,1,won
2020,Jalan Besar,GRC,4,Michael Fang Amin,PV,Peoples Voice,34261,34.64,2,lost
2020,Jalan Besar,GRC,4,Leong Sze Hian,PV,Peoples Voice,34261,34.64,2,lost
2020,Jalan Besar,GRC,4,Lim Tean,PV,Peoples Voice,34261,34.64,2,lost
2020,Jalan Besar,GRC,4,Nor Azlan Bin Sulaiman,PV,Peoples Voice,34261,34.64,2,lost
2020,Jurong,GRC,5,Huang Wei Zhong Shawn,PAP,People's Action Party,91846,74.61,1,won
2020,Jurong,GRC,5,Rahayu Binte Mahzam,PAP,People's Action Party,91846,74.61,1,won
2020,Jurong,GRC,5,Tan Wu Meng,PAP,People's Action Party,91846,74.61,1,won
2020,Jurong,GRC,5,Tharman Shanmugaratnam,PAP,People's Action Party,91846,74.61,1,won
2020,Jurong,GRC,5,Xie Yao Quan,PAP,People's Action Party,91846,74.61,1,won
2020,Jurong,GRC,5,Michelle Lee Juen,RDU,Red Dot United,31260,25.39,2,lost
2020,Jurong,GRC,5,Liyana Dhamirah,RDU,Red Dot United,31260,25.39,2,lost
2020,Jurong,GRC,5,Ravi Philemon,RDU,Red Dot United,31260,25.39,2,lost
2020,Jurong,GRC,5,Nicholas Tang,RDU,Red Dot United,31260,25.39,2,lost
2020,Jurong,GRC,5,Alec Tok,RDU,Red Dot United,31260,25.39,2,lost
2020,Kebun Baru,SMC,1,Kwek Hian Chuan,PAP,People's Action Party,13309,62.92,1,won
2020,Kebun Baru,SMC,1,Kumaran Pillai,PSP,Progress Singapore Party,7842,37.08,2,lost
2020,MacPherson,SMC,1,Tin Pei Ling,PAP,People's Action Party,19009,71.74,1,won
2020,MacPherson,SMC,1,Goh Meng Seng,PPP,People's Power Party,7489,28.26,2,lost
2020,Marine Parade,GRC,5,Mohd Fahmi Aliman,PAP,People's Action Party,75203,57.74,1,won
2020,Marine Parade,GRC,5,Seah Kian Peng,PAP,People's Action Party,75203,57.74,1,won
2020,Marine Parade,GRC,5,Tan Chuan-Jin,PAP,People's Action Party,75203,57.74,1,won
2020,Marine Parade,GRC,5,Tan See Leng,PAP,People's Action Party,75203,57.74,1,won
2020,Marine Parade,GRC,5,Edwin Tong Chun Fai,PAP,People's Action Party,75203,57.74,1,won
2020,Marine Parade,GRC,5,Azhar Latip,WP,Workers' Party,55047,42.26,2,lost
2020,Marine Parade,GRC,5,Fadli Fawzi,WP,Workers' Party,55047,42.26,2,lost
2020,Marine Parade,GRC,5,Nathaniel Koh,WP,Workers' Party,55047,42.26,2,lost
2020,Marine Parade,GRC,5,Ron Tan Jun Yen,WP,Workers' Party,55047,42.26,2,lost
2020,Marine Parade,GRC,5,Yee Jenn Jong,WP,Workers' Party,55047,42.26,2,lost
2020,Marsiling-Yew Tee,GRC,4,Hany Soh Hui Bin,PAP,People's Action Party,69813,63.18,1,won
2020,Marsiling-Yew Tee,GRC,4,Lawrence Wong,PAP,People's Action Party,69813,63.18,1,won
2020,Marsiling-Yew Tee,GRC,4,Alex Yam Ziming,PAP,People's Action Party,69813,63.18,1,won
2020,Marsiling-Yew Tee,GRC,4,Zaqy Mohamad,PAP,People's Action Party,69813,63.18,1,won
2020,Marsiling-Yew Tee,GRC,4,Damanhuri Bin Abas,SDP,Singapore Democratic Party,40690,36.82,2,lost
2020,Marsiling-Yew Tee,GRC,4,Khung Wai Yeen,SDP,Singapore Democratic Party,40690,36.82,2,lost
2020,Marsiling-Yew Tee,GRC,4,Lim Boon Heng,SDP,Singapore Democratic Party,40690,36.82,2,lost
2020,Marsiling-Yew Tee,GRC,4,Benjamin Pwee,SDP,Singapore Democratic Party,40690,36.82,2,lost
2020,Marymount,SMC,1,Gan Siow Huang,PAP,People's Action Party,12173,55.04,1,won
2020,Marymount,SMC,1,Ang Yong Guan,PSP,Progress Singapore Party,9943,44.96,2,lost
2020,Mountbatten,SMC,1,Lim Biow Chuan,PAP,People's Action Party,16285,73.82,1,won
2020,Mountbatten,SMC,1,Sivakumaran Chellappa,PV,Peoples Voice,5775,26.18,2,lost
2020,Nee Soon,GRC,5,Derrick Goh Soon Hee,PAP,People's Action Party,86308,61.9,1,won
2020,Nee Soon,GRC,5,K. Shanmugam,PAP,People's Action Party,86308,61.9,1,won
2020,Nee Soon,GRC,5,Muhammad Faishal Ibrahim,PAP,People's Action Party,86308,61.9,1,won
2020,Nee Soon,GRC,5,"Ng Kok Kwang, Louis",PAP,People's Action Party,86308,61.9,1,won
2020,Nee Soon,GRC,5,Carrie Tan Huimin,PAP,People's Action Party,86308,61.9,1,won
2020,Nee Soon,GRC,5,Bowyer Bradley Peter,PSP,Progress Singapore Party,53131,38.1,2,lost
2020,Nee Soon,GRC,5,Kalayarasu Manickam,PSP,Progress Singapore Party,53131,38.1,2,lost
2020,Nee Soon,GRC,5,Muhammad Taufik Bin Supan,PSP,Progress Singapore Party,53131,38.1,2,lost
2020,Nee Soon,GRC,5,S Nallakaruppan,PSP,Progress Singapore Party,53131,38.1,2,lost
2020,Nee Soon,GRC,5,Tay Chye Seng,PSP,Progress Singapore Party,53131,38.1,2,lost
2020,Pasir Ris-Punggol,GRC,5,Janil Puthucheary,PAP,People's Action Party,100932,64.16,1,won
2020,Pasir Ris-Punggol,GRC,5,Sharael Taha,PAP,People's Action Party,100932,64.16,1,won
2020,Pasir Ris-Punggol,GRC,5,Desmond Tan,PAP,People's Action Party,100932,64.16,1,won
2020,Pasir Ris-Punggol,GRC,5,Teo Chee Hean,PAP,People's Action Party,100932,64.16,1,won
2020,Pasir Ris-Punggol,GRC,5,Yeo Wan Ling,PAP,People's Action Party,100932,64.16,1,won
2020,Pasir Ris-Punggol,GRC,5,Abu Bin Mohamed,SDA,Singapore Democratic Alliance,37237,23.67,2,lost
2020,Pasir Ris-Punggol,GRC,5,Harminder Pal Singh s/o Gurcharan Singh,SDA,Singapore Democratic Alliance,37237,23.67,2,lost
2020,Pasir Ris-Punggol,GRC,5,Kuswadi Bin Atnawi,SDA,Singapore Democratic Alliance,37237,23.67,2,lost
2020,Pasir Ris-Punggol,GRC,5,Lim Bak Chuan Desmond,SDA,Singapore Democratic Alliance,37237,23.67,2,lost
2020,Pasir Ris-Punggol,GRC,5,Kelvin Ong Soon Huat,SDA,Singapore Democratic Alliance,37237,23.67,2,lost
2020,Pasir Ris-Punggol,GRC,5,Goh Keow Wah,PV,Peoples Voice,19147,12.17,3,lost_deposit
2020,Pasir Ris-Punggol,GRC,5,Lim Kay Cheow Jireh,PV,Peoples Voice,19147,12.17,3,lost_deposit
2020,Pasir Ris-Punggol,GRC,5,Mohamed Nassir Ismail,PV,Peoples Voice,19147,12.17,3,lost_deposit
2020,Pasir Ris-Punggol,GRC,5,Prabu Ramachandran,PV,Peoples Voice,19147,12.17,3,lost_deposit
2020,Pasir Ris-Punggol,GRC,5,Vigneswari VR,PV,Peoples Voice,19147,12.17,3,lost_deposit
2020,Pioneer,SMC,1,Patrick Tay Teck Guan,PAP,People's Action Party,14593,62.0,1,won
2020,Pioneer,SMC,1,Lim Cher Hong,PSP,Progress Singapore Party,8289,35.22,2,lost
2020,Pioneer,SMC,1,Cheang Peng Wah,INDP,,655,2.78,3,lost_deposit
2020,Potong Pasir,SMC,1,Sitoh Yih Pin,PAP,People's Action Party,11264,60.67,1,won
2020,Potong Pasir,SMC,1,Jose Raymond,SPP,Singapore People's Party,7302,39.33,2,lost
2020,Punggol West,SMC,1,Sun Xueling,PAP,People's Action Party,15655,60.98,1,won
2020,Punggol West,SMC,1,Tan Chen Chen,WP,Workers' Party,10017,39.02,2,lost
2020,Radin Mas,SMC,1,Melvin Yong Yik Chye,PAP,People's Action Party,16864,74.01,1,won
2020,Radin Mas,SMC,1,Kumar Appavoo,RP,Reform Party,5922,25.99,2,lost
2020,Sembawang,GRC,5,Lim Wee Kiak,PAP,People's Action Party,94176,67.29,1,won
2020,Sembawang,GRC,5,Mariam Jaafar,PAP,People's Action Party,94176,67.29,1,won
2020,Sembawang,GRC,5,Ong Ye Kung,PAP,People's Action Party,94176,67.29,1,won
2020,Sembawang,GRC,5,Poh Li San,PAP,People's Action Party,94176,67.29,1,won
2020,Sembawang,GRC,5,Vikram Nair,PAP,People's Action Party,94176,67.29,1,won
2020,Sembawang,GRC,5,Ng Chung Hon,NSP,National Solidarity Party,45778,32.71,2,lost
2020,Sembawang,GRC,5,Sathin s/o Ravindran,NSP,National Solidarity Party,45778,32.71,2,lost
2020,Sembawang,GRC,5,Sebastian Teo,NSP,National Solidarity Party,45778,32.71,2,lost
2020,Sembawang,GRC,5,Yadzeth Bin Hairis,NSP,National Solidarity Party,45778,32.71,2,lost
2020,Sembawang,GRC,5,Yeo Tiong Boon,NSP,National Solidarity Party,45778,32.71,2,lost
2020,Sengkang,GRC,4,Chua Kheng Wee,WP,Workers' Party,60217,52.12,1,won
2020,Sengkang,GRC,4,He Ting Ru,WP,Workers' Party,60217,52.12,1,won
2020,Sengkang,GRC,4,Jamus Jerome Lim,WP,Workers' Party,60217,52.12,1,won
2020,Sengkang,GRC,4,Raeesah Begum Binte Farid Khan,WP,Workers' Party,60217,52.12,1,won
2020,Sengkang,GRC,4,Amrin Amin,PAP,People's Action Party,55319,47.88,2,lost
2020,Sengkang,GRC,4,Lam Pin Min,PAP,People's Action Party,55319,47.88,2,lost
2020,Sengkang,GRC,4,Lye Hoong Yip Raymond,PAP,People's Action Party,55319,47.88,2,lost
2020,Sengkang,GRC,4,Ng Chee Meng,PAP,People's Action Party,55319,47.88,2,lost
2020,Tampines,GRC,5,Baey Yam Keng,PAP,People's Action Party,94668,66.41,1,won
2020,Tampines,GRC,5,Cheng Li Hui,PAP,People's Action Party,94668,66.41,1,won
2020,Tampines,GRC,5,Desmond Choo Pey Ching,PAP,People's Action Party,94668,66.41,1,won
2020,Tampines,GRC,5,Koh Poh Koon,PAP,People's Action Party,94668,66.41,1,won
2020,Tampines,GRC,5,Masagos Zulkifli,PAP,People's Action Party,94668,66.41,1,won
2020,Tampines,GRC,5,Choong Hon Heng,NSP,National Solidarity Party,47875,33.59,2,lost
2020,Tampines,GRC,5,Fong Chin Leong,NSP,National Solidarity Party,47875,33.59,2,lost
2020,Tampines,GRC,5,Mohd Ridzwan Bin Mohammad,NSP,National Solidarity Party,47875,33.59,2,lost
2020,Tampines,GRC,5,Vincent Ng Kian Guan,NSP,National Solidarity Party,47875,33.59,2,lost
2020,Tampines,GRC,5,Yeo Ren-Yuan,NSP,National Solidarity Party,47875,33.59,2,lost
2020,Tanjong Pagar,GRC,5,Chan Chun Sing,PAP,People's Action Party,78330,63.1,1,won
2020,Tanjong Pagar,GRC,5,Eric Chua Swee Leong,PAP,People's Action Party,78330,63.1,1,won
2020,Tanjong Pagar,GRC,5,Indranee Thurai Rajah,PAP,People's Action Party,78330,63.1,1,won
2020,Tanjong Pagar,GRC,5,Joan Pereira,PAP,People's Action Party,78330,63.1,1,won
2020,Tanjong Pagar,GRC,5,Alvin Tan Sheng Hui,PAP,People's Action Party,78330,63.1,1,won
2020,Tanjong Pagar,GRC,5,A’bas Bin Kasmani,PSP,Progress Singapore Party,45807,36.9,2,lost
2020,Tanjong Pagar,GRC,5,"Chua Teck Leong, Michael",PSP,Progress Singapore Party,45807,36.9,2,lost
2020,Tanjong Pagar,GRC,5,Harish Pillay,PSP,Progress Singapore Party,45807,36.9,2,lost
2020,Tanjong Pagar,GRC,5,Low Wei Ling,PSP,Progress Singapore Party,45807,36.9,2,lost
2020,Tanjong Pagar,GRC,5,"Soon Jun Wei, Terence",PSP,Progress Singapore Party,45807,36.9,2,lost
2020,West Coast,GRC,5,Ang Wei Neng,PAP,People's Action Party,71658,51.68,1,won
2020,West Coast,GRC,5,Foo Mee Har,PAP,People's Action Party,71658,51.68,1,won
2020,West Coast,GRC,5,Desmond Lee Ti-Seng,PAP,People's Action Party,71658,51.68,1,won
2020,West Coast,GRC,5,Rachel Ong Sin Yen,PAP,People's Action Party,71658,51.68,1,won
2020,West Coast,GRC,5,S Iswaran,PAP,People's Action Party,71658,51.68,1,won
2020,West Coast,GRC,5,Khoo Poh Tiong Jeffrey,PSP,Progress Singapore Party,66996,48.32,2,lost
2020,West Coast,GRC,5,Leong Mun Wai,PSP,Progress Singapore Party,66996,48.32,2,lost
2020,West Coast,GRC,5,N. Loganathan,PSP,Progress Singapore Party,66996,48.32,2,lost
2020,West Coast,GRC,5,Hazel Poa,PSP,Progress Singapore Party,66996,48.32,2,lost
2020,West Coast,GRC,5,Tan Cheng Bock,PSP,Progress Singapore Party,66996,48.32,2,lost
2020,Yio Chu Kang,SMC,1,Yip Hon Weng,PAP,People's Action Party,14775,60.82,1,won
2020,Yio Chu Kang,SMC,1,Kayla Low,PSP,Progress Singapore Party,9519,39.18,2,lost
2020,Yuhua,SMC,1,Grace Fu Hai Yien,PAP,People's Action Party,14131,70.54,1,won
2020,Yuhua,SMC,1,Robin Low,SDP,Singapore Democratic Party,5901,29.46,2,lost
2025,Aljunied,GRC,5,Fadli Fawzi,WP,Workers' Party,79254,59.71,1,won
2025,Aljunied,GRC,5,Gerald Giam Yean Song,WP,Workers' Party,79254,59.71,1,won
2025,Aljunied,GRC,5,Sylvia Lim Swee Lian,WP,Workers' Party,79254,59.71,1,won
2025,Aljunied,GRC,5,Pritam Singh,WP,Workers' Party,79254,59.71,1,won
2025,Aljunied,GRC,5,Kenneth Tiong Boon Kiat,WP,Workers' Party,79254,59.71,1,won
2025,Aljunied,GRC,5,"Ang Zi Yang, Adrian",PAP,People's Action Party,53471,40.29,2,lost
2025,Aljunied,GRC,5,Chan Hui Yuh,PAP,People's Action Party,53471,40.29,2,lost
2025,Aljunied,GRC,5,Faisal Abdul Aziz,PAP,People's Action Party,53471,40.29,2,lost
2025,Aljunied,GRC,5,Jagathishwaran Rajo,PAP,People's Action Party,53471,40.29,2,lost
2025,Aljunied,GRC,5,"Liu Keyuan, Daniel",PAP,People's Action Party,53471,40.29,2,lost
2025,Ang Mo Kio,GRC,5,Darryl David,PAP,People's Action Party,115562,78.95,1,won
2025,Ang Mo Kio,GRC,5,Jasmin Lau,PAP,People's Action Party,115562,78.95,1,won
2025,Ang Mo Kio,GRC,5,Lee Hsien Loong,PAP,People's Action Party,115562,78.95,1,won
2025,Ang Mo Kio,GRC,5,Victor Lye,PAP,People's Action Party,115562,78.95,1,won
2025,Ang Mo Kio,GRC,5,Nadia Ahmad Samdin,PAP,People's Action Party,115562,78.95,1,won
2025,Ang Mo Kio,GRC,5,Vincent Ng Kian Guan,SUP,Singapore United Party,15874,10.85,2,lost_deposit
2025,Ang Mo Kio,GRC,5,Nigel Ng,SUP,Singapore United Party,15874,10.85,2,lost_deposit
2025,Ang Mo Kio,GRC,5,Noraini Yunus,SUP,Singapore United Party,15874,10.85,2,lost_deposit
2025,Ang Mo Kio,GRC,5,Ridhuan Chandran,SUP,Singapore United Party,15874,10.85,2,lost_deposit
2025,Ang Mo Kio,GRC,5,Zhu Laicheng,SUP,Singapore United Party,15874,10.85,2,lost_deposit
2025,Ang Mo Kio,GRC,5,Heng Zheng Dao,PPP,People's Power Party,14929,10.2,3,lost_deposit
2025,Ang Mo Kio,GRC,5,Ho Yuen Liung Martinn,PPP,People's Power Party,14929,10.2,3,lost_deposit
2025,Ang Mo Kio,GRC,5,"Lee Yuru, Samuel",PPP,People's Power Party,14929,10.2,3,lost_deposit
2025,Ang Mo Kio,GRC,5,Lim Lian Chin,PPP,People's Power Party,14929,10.2,3,lost_deposit
2025,Ang Mo Kio,GRC,5,Thaddeus Shamraj S/O Thomas Selvaraj,PPP,People's Power Party,14929,10.2,3,lost_deposit
2025,Bishan-Toa Payoh,GRC,4,Cai Yinzhou,PAP,People's Action Party,66455,75.18,1,won
2025,Bishan-Toa Payoh,GRC,4,Chee Hong Tat,PAP,People's Action Party,66455,75.18,1,won
2025,Bishan-Toa Payoh,GRC,4,Elysa Chen,PAP,People's Action Party,66455,75.18,1,won
2025,Bishan-Toa Payoh,GRC,4,Saktiandi Supaat,PAP,People's Action Party,66455,75.18,1,won
2025,Bishan-Toa Payoh,GRC,4,Steve Chia,SPP,Singapore People's Party,21944,24.82,2,lost
2025,Bishan-Toa Payoh,GRC,4,Melvyn Chiu,SPP,Singapore People's Party,21944,24.82,2,lost
2025,Bishan-Toa Payoh,GRC,4,Lim Rui Xian,SPP,Singapore People's Party,21944,24.82,2,lost
2025,Bishan-Toa Payoh,GRC,4,Norhakim,SPP,Singapore People's Party,21944,24.82,2,lost
2025,Bukit Gombak,SMC,1,Low Yen Ling,PAP,People's Action Party,17946,75.81,1,won
2025,Bukit Gombak,SMC,1,Harish Pillay,PSP,Progress Singapore Party,5726,24.19,2,lost
2025,Bukit Panjang,SMC,1,Liang Eng Hwa,PAP,People's Action Party,19152,61.38,1,won
2025,Bukit Panjang,SMC,1,Paul Anantharajah Tambyah,SDP,Singapore Democratic Party,12051,38.62,2,lost
2025,Chua Chu Kang,GRC,4,Choo Pei Ling,PAP,People's Action Party,55140,63.6,1,won
2025,Chua Chu Kang,GRC,4,Jeffrey Siow,PAP,People's Action Party,55140,63.6,1,won
2025,Chua Chu Kang,GRC,4,Tan See Leng,PAP,People's Action Party,55140,63.6,1,won
2025,Chua Chu Kang,GRC,4,Zhulkarnain Abdul Rahim,PAP,People's Action Party,55140,63.6,1,won
2025,Chua Chu Kang,GRC,4,A'Bas Bin Kasmani,PSP,Progress Singapore Party,31562,36.4,2,lost
2025,Chua Chu Kang,GRC,4,Wendy Low Wei Ling,PSP,Progress Singapore Party,31562,36.4,2,lost
2025,Chua Chu Kang,GRC,4,Lawrence Pek Eng Leong,PSP,Progress Singapore Party,31562,36.4,2,lost
2025,Chua Chu Kang,GRC,4,S Nallakaruppan,PSP,Progress Singapore Party,31562,36.4,2,lost
2025,East Coast,GRC,5,Dinesh Vasu Dash,PAP,People's Action Party,80105,58.73,1,won
2025,East Coast,GRC,5,Hazlina Binte Abdul Halim,PAP,People's Action Party,80105,58.73,1,won
2025,East Coast,GRC,5,Tan Kiat How,PAP,People's Action Party,80105,58.73,1,won
2025,East Coast,GRC,5,Tan Soon Neo Jessica,PAP,People's Action Party,80105,58.73,1,won
2025,East Coast,GRC,5,Tong Chun Fai Edwin Charles,PAP,People's Action Party,80105,58.73,1,won
2025,East Coast,GRC,5,"Koh Kim Kui, Nathaniel",WP,Workers' Party,56288,41.27,2,lost
2025,East Coast,GRC,5,"Kuan Hon Whye, Jasper",WP,Workers' Party,56288,41.27,2,lost
2025,East Coast,GRC,5,Paris V Parameswari,WP,Workers' Party,56288,41.27,2,lost
2025,East Coast,GRC,5,Sufyan Mikhail Putra Mohd Kamil,WP,Workers' Party,56288,41.27,2,lost
2025,East Coast,GRC,5,Yee Jenn Jong,WP,Workers' Party,56288,41.27,2,lost
2025,Holland-Bukit Timah,GRC,4,Edward Chia Bing Hui,PAP,People's Action Party,86936,79.25,1,won
2025,Holland-Bukit Timah,GRC,4,Christopher De Souza,PAP,People's Action Party,86936,79.25,1,won
2025,Holland-Bukit Timah,GRC,4,Sim Ann,PAP,People's Action Party,86936,79.25,1,won
2025,Holland-Bukit Timah,GRC,4,Vivian Balakrishnan,PAP,People's Action Party,86936,79.25,1,won
2025,Holland-Bukit Timah,GRC,4,Mohd Fazli Bin Talip,RDU,Red Dot United,22762,20.75,2,lost
2025,Holland-Bukit Timah,GRC,4,Nizar Subair,RDU,Red Dot United,22762,20.75,2,lost
2025,Holland-Bukit Timah,GRC,4,Sharad Kumar,RDU,Red Dot United,22762,20.75,2,lost
2025,Holland-Bukit Timah,GRC,4,Emily Woo,RDU,Red Dot United,22762,20.75,2,lost
2025,Hougang,SMC,1,Dennis Tan Lip Fong,WP,Workers' Party,16956,62.15,1,won
2025,Hougang,SMC,1,Marshall Lim Yu Hui,PAP,People's Action Party,10327,37.85,2,lost
2025,Jalan Besar,GRC,4,Shawn Loh Shou-En,PAP,People's Action Party,70602,75.21,1,won
2025,Jalan Besar,GRC,4,Denise Phua Lay Peng,PAP,People's Action Party,70602,75.21,1,won
2025,Jalan Besar,GRC,4,Mrs Josephine Teo,PAP,People's Action Party,70602,75.21,1,won
2025,Jalan Besar,GRC,4,Wan Rizal,PAP,People's Action Party,70602,75.21,1,won
2025,Jalan Besar,GRC,4,Chiu Shin Kong,PAR,People's Alliance for Reform,23267,24.79,2,lost
2025,Jalan Besar,GRC,4,Mohamad Hamim Bin Aliyas,PAR,People's Alliance for Reform,23267,24.79,2,lost
2025,Jalan Besar,GRC,4,Sarina Binte Abu Hassan,PAR,People's Alliance for Reform,23267,24.79,2,lost
2025,Jalan Besar,GRC,4,Vigneswari D/O V Ramachandran,PAR,People's Alliance for Reform,23267,24.79,2,lost
2025,Jalan Kayu,SMC,1,Ng Chee Meng,PAP,People's Action Party,14146,51.47,1,won
2025,Jalan Kayu,SMC,1,Low Wu Yang Andre,WP,Workers' Party,13337,48.53,2,lost
2025,Jurong Central,SMC,1,Xie Yao Quan,PAP,People's Action Party,21947,80.51,1,won
2025,Jurong Central,SMC,1,Kala Manickam,RDU,Red Dot United,5313,19.49,2,lost
2025,Jurong East-Bukit Batok,GRC,5,Grace Fu Hai Yien,PAP,People's Action Party,99692,76.67,1,won
2025,Jurong East-Bukit Batok,GRC,5,"Hoe Teck Chye, David",PAP,People's Action Party,99692,76.67,1,won
2025,Jurong East-Bukit Batok,GRC,5,Lee Hong Chuang,PAP,People's Action Party,99692,76.67,1,won
2025,Jurong East-Bukit Batok,GRC,5,Murali Pillai,PAP,People's Action Party,99692,76.67,1,won
2025,Jurong East-Bukit Batok,GRC,5,Rahayu Binte Mahzam,PAP,People's Action Party,99692,76.67,1,won
2025,Jurong East-Bukit Batok,GRC,5,Harish Mohanadas,RDU,Red Dot United,30342,23.33,2,lost
2025,Jurong East-Bukit Batok,GRC,5,Liyana Dhamirah,RDU,Red Dot United,30342,23.33,2,lost
2025,Jurong East-Bukit Batok,GRC,5,Marcus Neo Kai Jie,RDU,Red Dot United,30342,23.33,2,lost
2025,Jurong East-Bukit Batok,GRC,5,Osman Sulaiman,RDU,Red Dot United,30342,23.33,2,lost
2025,Jurong East-Bukit Batok,GRC,5,Ben Puah,RDU,Red Dot United,30342,23.33,2,lost
2025,Kebun Baru,SMC,1,Kwek Hian Chuan,PAP,People's Action Party,13787,68.49,1,won
2025,Kebun Baru,SMC,1,Tony Tan Lay Thiam,PSP,Progress Singapore Party,6342,31.51,2,lost
2025,Marsiling-Yew Tee,GRC,4,Hany Soh Hui Bin,PAP,People's Action Party,81143,73.48,1,won
2025,Marsiling-Yew Tee,GRC,4,Lawrence Wong,PAP,People's Action Party,81143,73.48,1,won
2025,Marsiling-Yew Tee,GRC,4,Alex Yam Ziming,PAP,People's Action Party,81143,73.48,1,won
2025,Marsiling-Yew Tee,GRC,4,Zaqy Mohamad,PAP,People's Action Party,81143,73.48,1,won
2025,Marsiling-Yew Tee,GRC,4,Ariffin Sha,SDP,Singapore Democratic Party,29281,26.52,2,lost
2025,Marsiling-Yew Tee,GRC,4,Jufri Salim,SDP,Singapore Democratic Party,29281,26.52,2,lost
2025,Marsiling-Yew Tee,GRC,4,Alec Tok,SDP,Singapore Democratic Party,29281,26.52,2,lost
2025,Marsiling-Yew Tee,GRC,4,Gigene Wong,SDP,Singapore Democratic Party,29281,26.52,2,lost
2025,Marymount,SMC,1,Gan Siow Huang,PAP,People's Action Party,14954,70.73,1,won
2025,Marymount,SMC,1,Khoo Poh Tiong Jeffrey,PSP,Progress Singapore Party,6187,29.27,2,lost
2025,Mountbatten,SMC,1,Gho Sze Kee,PAP,People's Action Party,12602,63.82,1,won
2025,Mountbatten,SMC,1,"Tan Wei Yang, Jeremy",Independent,,7143,36.18,2,lost
2025,Nee Soon,GRC,5,Goh Hanyan,PAP,People's Action Party,102974,73.81,1,won
2025,Nee Soon,GRC,5,K. Shanmugam,PAP,People's Action Party,102974,73.81,1,won
2025,Nee Soon,GRC,5,Jackson Lam Weiliang,PAP,People's Action Party,102974,73.81,1,won
2025,Nee Soon,GRC,5,Lee Hui Ying,PAP,People's Action Party,102974,73.81,1,won
2025,Nee Soon,GRC,5,Syed Harun Alhabsyi,PAP,People's Action Party,102974,73.81,1,won
2025,Nee Soon,GRC,5,David Foo,RDU,Red Dot United,36538,26.19,2,lost
2025,Nee Soon,GRC,5,Sharon Lin,RDU,Red Dot United,36538,26.19,2,lost
2025,Nee Soon,GRC,5,Pang Heng Chuan,RDU,Red Dot United,36538,26.19,2,lost
2025,Nee Soon,GRC,5,Ravi Philemon,RDU,Red Dot United,36538,26.19,2,lost
2025,Nee Soon,GRC,5,Syed Alwi Ahmad,RDU,Red Dot United,36538,26.19,2,lost
2025,Pasir Ris-Changi,GRC,4,Indranee Rajah,PAP,People's Action Party,61168,67.68,1,won
2025,Pasir Ris-Changi,GRC,4,Valerie Lee,PAP,People's Action Party,61168,67.68,1,won
2025,Pasir Ris-Changi,GRC,4,Sharael Taha,PAP,People's Action Party,61168,67.68,1,won
2025,Pasir Ris-Changi,GRC,4,Desmond Tan,PAP,People's Action Party,61168,67.68,1,won
2025,Pasir Ris-Changi,GRC,4,Abu Bin Mohamed,SDA,Singapore Democratic Alliance,29213,32.32,2,lost
2025,Pasir Ris-Changi,GRC,4,Chia Yun Kai,SDA,Singapore Democratic Alliance,29213,32.32,2,lost
2025,Pasir Ris-Changi,GRC,4,Harminder Pal Singh S/O Gurcharan Singh,SDA,Singapore Democratic Alliance,29213,32.32,2,lost
2025,Pasir Ris-Changi,GRC,4,Lim Bak Chuan Desmond,SDA,Singapore Democratic Alliance,29213,32.32,2,lost
2025,Pioneer,SMC,1,Patrick Tay Teck Guan,PAP,People's Action Party,15360,65.45,1,won
2025,Pioneer,SMC,1,Stephanie Tan,PSP,Progress Singapore Party,8110,34.55,2,lost
2025,Potong Pasir,SMC,1,Alex Yeo Sheng Chye,PAP,People's Action Party,19288,69.2,1,won
2025,Potong Pasir,SMC,1,Lee Jian Chuan Williiamson,SPP,Singapore People's Party,6261,22.46,2,lost
2025,Potong Pasir,SMC,1,Lim Tean,PAR,People's Alliance for Reform,2323,8.33,3,lost_deposit
2025,Punggol,GRC,4,Gan Kim Yong,PAP,People's Action Party,63745,55.17,1,won
2025,Punggol,GRC,4,Janil Puthucheary,PAP,People's Action Party,63745,55.17,1,won
2025,Punggol,GRC,4,Sun Xueling,PAP,People's Action Party,63745,55.17,1,won
2025,Punggol,GRC,4,Yeo Wan Ling,PAP,People's Action Party,63745,55.17,1,won
2025,Punggol,GRC,4,"Au Chee Meng, Jackson",WP,Workers' Party,51789,44.83,2,lost
2025,Punggol,GRC,4,Dang Pei Yuan,WP,Workers' Party,51789,44.83,2,lost
2025,Punggol,GRC,4,Harpreet Singh Nehal,WP,Workers' Party,51789,44.83,2,lost
2025,Punggol,GRC,4,Siti Alia Binte Abdul Rahim Mattar,WP,Workers' Party,51789,44.83,2,lost
2025,Queenstown,SMC,1,Eric Chua Swee Leong,PAP,People's Action Party,20990,81.13,1,won
2025,Queenstown,SMC,1,Mahaboob Batcha S/O Abdul Rasheed,PAR,People's Alliance for Reform,4883,18.87,2,lost
2025,Radin Mas,SMC,1,Melvin Yong Yik Chye,PAP,People's Action Party,15854,69.12,1,won
2025,Radin Mas,SMC,1,Darryl Lo Kar Keong,Independent,,5394,23.52,2,lost
2025,Radin Mas,SMC,1,Kumar S/O Appavoo,PAR,People's Alliance for Reform,1689,7.36,3,lost_deposit
2025,Sembawang,GRC,5,"Lam Yen Li, Gabriel",PAP,People's Action Party,84159,67.76,1,won
2025,Sembawang,GRC,5,Mariam Jaafar,PAP,People's Action Party,84159,67.76,1,won
2025,Sembawang,GRC,5,Ng Shi Xuan,PAP,People's Action Party,84159,67.76,1,won
2025,Sembawang,GRC,5,Ong Ye Kung,PAP,People's Action Party,84159,67.76,1,won
2025,Sembawang,GRC,5,Vikram Nair,PAP,People's Action Party,84159,67.76,1,won
2025,Sembawang,GRC,5,Damanhuri Bin Abas,SDP,Singapore Democratic Party,37157,29.92,2,lost
2025,Sembawang,GRC,5,James Gomez,SDP,Singapore Democratic Party,37157,29.92,2,lost
2025,Sembawang,GRC,5,Lim Boon Heng,SDP,Singapore Democratic Party,37157,29.92,2,lost
2025,Sembawang,GRC,5,Surayah Binte Akbar,SDP,Singapore Democratic Party,37157,29.92,2,lost
2025,Sembawang,GRC,5,Tan Wei Ru Alfred,SDP,Singapore Democratic Party,37157,29.92,2,lost
2025,Sembawang,GRC,5,Raiyian Chia Boon Siang,NSP,National Solidarity Party,2878,2.32,3,lost_deposit
2025,Sembawang,GRC,5,Lee Wei,NSP,National Solidarity Party,2878,2.32,3,lost_deposit
2025,Sembawang,GRC,5,Ng Chung Hon,NSP,National Solidarity Party,2878,2.32,3,lost_deposit
2025,Sembawang,GRC,5,Verina Ong Weijing,NSP,National Solidarity Party,2878,2.32,3,lost_deposit
2025,Sembawang,GRC,5,Yadzeth Bin Hairis,NSP,National Solidarity Party,2878,2.32,3,lost_deposit
2025,Sembawang West,SMC,1,Poh Li San,PAP,People's Action Party,11999,53.18,1,won
2025,Sembawang West,SMC,1,Chee Soon Juan,SDP,Singapore Democratic Party,10564,46.82,2,lost
2025,Sengkang,GRC,4,Abdul Muhaimin Bin Abdul Malik,WP,Workers' Party,66599,56.32,1,won
2025,Sengkang,GRC,4,Chua Kheng Wee Louis,WP,Workers' Party,66599,56.32,1,won
2025,Sengkang,GRC,4,He Ting Ru,WP,Workers' Party,66599,56.32,1,won
2025,Sengkang,GRC,4,Jamus Jerome Lim Chee Wui,WP,Workers' Party,66599,56.32,1,won
2025,Sengkang,GRC,4,Elmie Nekmat,PAP,People's Action Party,51657,43.68,2,lost
2025,Sengkang,GRC,4,Bernadette Giam,PAP,People's Action Party,51657,43.68,2,lost
2025,Sengkang,GRC,4,Theodora Lai,PAP,People's Action Party,51657,43.68,2,lost
2025,Sengkang,GRC,4,Lam Pin Min,PAP,People's Action Party,51657,43.68,2,lost
2025,Tampines,GRC,5,Baey Yam Keng,PAP,People's Action Party,71589,52.02,1,won
2025,Tampines,GRC,5,Charlene Chen Yijun,PAP,People's Action Party,71589,52.02,1,won
2025,Tampines,GRC,5,Koh Poh Koon,PAP,People's Action Party,71589,52.02,1,won
2025,Tampines,GRC,5,Masagos Zulkifli,PAP,People's Action Party,71589,52.02,1,won
2025,Tampines,GRC,5,David Neo Chin Wee,PAP,People's Action Party,71589,52.02,1,won
2025,Tampines,GRC,5,Eileen Chong Pei Shan,WP,Workers' Party,65197,47.37,2,lost
2025,Tampines,GRC,5,Muhamad Faisal Bin Abdul Manap,WP,Workers' Party,65197,47.37,2,lost
2025,Tampines,GRC,5,Ong Lue Ping,WP,Workers' Party,65197,47.37,2,lost
2025,Tampines,GRC,5,Tan Khim Teck,WP,Workers' Party,65197,47.37,2,lost
2025,Tampines,GRC,5,Michael Thng Quan Wei,WP,Workers' Party,65197,47.37,2,lost
2025,Tampines,GRC,5,Arbaah Binte Haroun,PPP,People's Power Party,596,0.43,3,lost_deposit
2025,Tampines,GRC,5,Goh Meng Seng,PPP,People's Power Party,596,0.43,3,lost_deposit
2025,Tampines,GRC,5,"Sim Jun Chin, Derrick",PPP,People's Power Party,596,0.43,3,lost_deposit
2025,Tampines,GRC,5,Peter Soh Beng Kiat,PPP,People's Power Party,596,0.43,3,lost_deposit
2025,Tampines,GRC,5,Vere Nathan Shen Li,PPP,People's Power Party,596,0.43,3,lost_deposit
2025,Tampines,GRC,5,Fong Chin Leong,NSP,National Solidarity Party,249,0.18,4,lost_deposit
2025,Tampines,GRC,5,Mohd Ridzwan Bin Mohammad,NSP,National Solidarity Party,249,0.18,4,lost_deposit
2025,Tampines,GRC,5,Phay Wei Jie,NSP,National Solidarity Party,249,0.18,4,lost_deposit
2025,Tampines,GRC,5,Thamilselvan S/O Karuppaya,NSP,National Solidarity Party,249,0.18,4,lost_deposit
2025,Tampines,GRC,5,Yeo Ren-Yuan,NSP,National Solidarity Party,249,0.18,4,lost_deposit
2025,Tampines Changkat,SMC,1,Desmond Choo Pey Ching,PAP,People's Action Party,12476,56.16,1,won
2025,Tampines Changkat,SMC,1,Foo Seck Guan,WP,Workers' Party,9741,43.84,2,lost
2025,Tanjong Pagar,GRC,5,Chan Chun Sing,PAP,People's Action Party,98924,81.02,1,won
2025,Tanjong Pagar,GRC,5,Foo Cexiang,PAP,People's Action Party,98924,81.02,1,won
2025,Tanjong Pagar,GRC,5,Joan Pereira,PAP,People's Action Party,98924,81.02,1,won
2025,Tanjong Pagar,GRC,5,Rachel Ong,PAP,People's Action Party,98924,81.02,1,won
2025,Tanjong Pagar,GRC,5,Alvin Tan,PAP,People's Action Party,98924,81.02,1,won
2025,Tanjong Pagar,GRC,5,Rickson Giauw,PAR,People's Alliance for Reform,23169,18.98,2,lost
2025,Tanjong Pagar,GRC,5,Han Hui Hui,PAR,People's Alliance for Reform,23169,18.98,2,lost
2025,Tanjong Pagar,GRC,5,Nadarajan Selvamani,PAR,People's Alliance for Reform,23169,18.98,2,lost
2025,Tanjong Pagar,GRC,5,Prabu Ramachandran,PAR,People's Alliance for Reform,23169,18.98,2,lost
2025,Tanjong Pagar,GRC,5,Soh Lian Chye,PAR,People's Alliance for Reform,23169,18.98,2,lost
2025,West Coast-Jurong West,GRC,5,Ang Wei Neng,PAP,People's Action Party,88587,59.99,1,won
2025,West Coast-Jurong West,GRC,5,Hamid Razak,PAP,People's Action Party,88587,59.99,1,won
2025,West Coast-Jurong West,GRC,5,Shawn Huang Wei Zhong,PAP,People's Action Party,88587,59.99,1,won
2025,West Coast-Jurong West,GRC,5,Cassandra Lee Shi Wee,PAP,People's Action Party,88587,59.99,1,won
2025,West Coast-Jurong West,GRC,5,Desmond Lee Ti-Seng,PAP,People's Action Party,88587,59.99,1,won
2025,West Coast-Jurong West,GRC,5,Leong Mun Wai,PSP,Progress Singapore Party,59078,40.01,2,lost
2025,West Coast-Jurong West,GRC,5,Hazel Poa,PSP,Progress Singapore Party,59078,40.01,2,lost
2025,West Coast-Jurong West,GRC,5,Sani Ismail,PSP,Progress Singapore Party,59078,40.01,2,lost
2025,West Coast-Jurong West,GRC,5,Sumarleki Amjah,PSP,Progress Singapore Party,59078,40.01,2,lost
2025,West Coast-Jurong West,GRC,5,Tan Cheng Bock,PSP,Progress Singapore Party,59078,40.01,2,lost
2025,Yio Chu Kang,SMC,1,Yip Hon Weng,PAP,People's Action Party,18066,78.75,1,won
2025,Yio Chu Kang,SMC,1,Michael Fang Amin,PAR,People's Alliance for Reform,4876,21.25,2,lost
